student_id,gender,age,attendance_rate,assignment_score,quiz_score,exam_score,study_hours_per_week,parental_education_level,health_status,electricity_access,internet_access,performance_label
STD0001,Male,20,66.1,66.85,32.94,67.1,15.9,Secondary,Fair,False,False,Medium
STD0002,Female,15,98.87,68.46,63.55,77.49,19.1,Secondary,Fair,True,False,Medium
STD0003,Male,23,60.04,75.45,42.72,71.49,2.0,Primary,Good,True,True,Medium
STD0004,Male,15,84.66,72.22,82.02,40.39,1.2,Secondary,Good,True,False,Medium
STD0005,Male,19,91.07,91.25,89.35,42.05,0.5,Secondary,Good,True,False,Medium
STD0006,Female,18,52.06,42.97,68.19,91.51,4.7,None,Good,True,False,Medium
STD0007,Male,17,83.52,90.0,98.72,69.08,10.4,Primary,Poor,False,False,High
STD0008,Male,20,97.58,90.64,61.53,90.9,23.4,Tertiary,Good,True,True,High
STD0009,Male,16,56.21,57.09,65.94,56.01,11.4,Primary,Poor,True,True,Medium
STD0010,Female,17,94.81,67.77,99.25,73.01,7.3,None,Poor,True,True,High
STD0011,Male,19,79.74,66.31,46.21,66.66,14.0,Secondary,Good,True,False,Medium
STD0012,Male,23,80.83,53.11,95.98,52.34,2.8,Tertiary,Poor,True,False,Medium
STD0013,Male,16,80.65,63.81,33.0,62.89,15.2,Primary,Good,False,True,Medium
STD0014,Male,24,64.94,42.66,61.25,65.17,14.2,Secondary,Good,True,True,Medium
STD0015,Female,22,96.76,56.67,34.9,44.05,19.8,Primary,Fair,False,False,Low
STD0016,Male,16,97.37,89.0,81.05,52.05,24.7,Tertiary,Good,True,True,Medium
STD0017,Female,19,81.27,57.07,72.59,85.4,6.3,Primary,Fair,False,True,Medium
STD0018,Female,21,89.17,89.09,79.46,94.11,12.7,Primary,Poor,False,False,High
STD0019,Female,22,80.61,71.9,56.21,55.19,22.7,Primary,Fair,True,False,Medium
STD0020,Male,15,74.22,92.79,55.86,51.49,19.6,Secondary,Poor,True,True,Medium
STD0021,Female,20,83.04,74.49,33.17,43.66,12.2,Tertiary,Good,True,False,Low
STD0022,Male,15,77.65,41.78,54.5,77.49,23.6,Tertiary,Poor,True,True,Medium
STD0023,Female,16,79.87,80.53,95.05,52.62,1.4,Secondary,Poor,True,False,Medium
STD0024,Female,15,89.19,42.69,56.55,99.14,23.3,Secondary,Good,False,False,Medium
STD0025,Female,19,74.05,67.04,88.2,52.8,1.3,Secondary,Poor,True,True,Medium
STD0026,Female,24,52.04,95.77,88.96,57.59,13.7,None,Good,True,False,High
STD0027,Female,23,58.2,49.91,56.13,72.23,22.3,Primary,Fair,False,True,Medium
STD0028,Female,20,71.93,63.39,74.24,86.12,6.6,Primary,Good,True,False,High
STD0029,Female,15,86.24,83.79,36.68,62.87,11.8,Tertiary,Good,False,True,Medium
STD0030,Female,15,79.66,92.94,37.26,59.59,8.1,Primary,Poor,True,False,Medium
STD0031,Male,16,82.51,80.26,33.41,99.69,23.8,None,Fair,False,False,Medium
STD0032,Male,23,73.96,55.49,70.67,30.73,20.6,Secondary,Good,True,True,Medium
STD0033,Female,17,80.79,80.48,59.82,92.65,17.7,Tertiary,Fair,False,False,High
STD0034,Female,15,66.45,57.8,68.36,40.44,14.7,Tertiary,Fair,False,True,Medium
STD0035,Female,19,73.51,83.11,66.48,85.01,20.5,Primary,Poor,True,False,High
STD0036,Male,21,87.21,97.24,54.51,73.26,9.8,Tertiary,Good,True,False,Medium
STD0037,Female,20,93.59,83.28,77.42,53.93,11.2,Secondary,Poor,True,True,Medium
STD0038,Male,15,71.68,91.77,83.1,91.17,18.3,Tertiary,Good,False,False,High
STD0039,Male,19,52.18,40.13,31.02,30.9,8.9,Secondary,Fair,False,False,Low
STD0040,Male,19,58.08,83.05,44.51,45.87,1.6,None,Good,False,True,Medium
STD0041,Male,20,51.04,89.78,79.93,69.68,1.9,None,Good,True,False,High
STD0042,Male,17,82.66,42.43,57.06,54.61,2.9,Secondary,Fair,True,True,Medium
STD0043,Female,19,66.62,92.3,76.37,72.73,21.7,Primary,Fair,False,True,High
STD0044,Female,21,77.12,55.4,54.29,31.69,11.8,Tertiary,Good,True,True,Low
STD0045,Female,19,74.66,79.92,57.35,38.15,17.8,Primary,Poor,False,False,Medium
STD0046,Female,19,54.08,88.02,41.11,38.9,9.8,Tertiary,Good,True,False,Medium
STD0047,Female,19,70.16,79.76,48.08,43.25,6.5,None,Fair,True,True,Medium
STD0048,Male,24,61.03,45.54,72.38,62.15,8.7,None,Poor,False,False,Medium
STD0049,Female,24,70.92,75.78,60.32,82.65,19.9,None,Fair,True,True,Medium
STD0050,Female,17,60.18,72.98,84.2,93.39,15.6,Tertiary,Fair,True,False,High
STD0051,Male,15,92.02,94.02,89.68,88.48,23.4,None,Poor,True,True,High
STD0052,Female,19,58.71,64.25,67.92,43.78,17.0,None,Fair,True,True,Medium
STD0053,Male,23,98.04,59.26,83.08,60.88,14.3,None,Fair,True,False,Medium
STD0054,Female,15,70.8,84.99,51.48,43.96,15.3,None,Fair,False,True,Medium
STD0055,Male,17,92.31,64.76,59.05,48.51,23.6,Primary,Fair,True,True,Medium
STD0056,Female,18,81.44,78.77,79.89,65.25,19.7,None,Fair,False,False,Medium
STD0057,Female,15,86.77,78.79,57.03,34.77,0.6,None,Fair,True,True,Medium
STD0058,Male,15,88.39,93.28,71.2,45.27,13.4,Primary,Fair,True,True,Medium
STD0059,Male,22,75.24,75.92,42.98,95.48,17.2,Primary,Fair,False,False,Medium
STD0060,Male,16,77.17,70.13,71.98,62.63,18.7,Tertiary,Fair,False,True,Medium
STD0061,Male,22,75.7,48.33,90.31,61.18,5.3,Secondary,Good,True,True,Medium
STD0062,Male,21,79.4,46.94,90.8,31.02,21.7,None,Good,True,True,Medium
STD0063,Male,24,51.47,49.26,80.7,47.32,23.9,None,Fair,False,True,Medium
STD0064,Male,24,69.78,50.31,82.2,90.64,5.9,None,Good,False,True,High
STD0065,Male,16,80.31,78.27,69.05,41.52,22.1,Tertiary,Poor,False,True,Medium
STD0066,Female,20,79.89,84.46,70.93,59.06,2.4,None,Good,False,True,Medium
STD0067,Female,20,89.65,71.8,39.36,31.0,1.4,Secondary,Fair,True,True,Low
STD0068,Male,17,82.75,89.74,61.07,63.48,3.2,Primary,Fair,True,False,Medium
STD0069,Female,16,99.61,99.48,61.55,31.47,1.4,Tertiary,Good,True,True,Medium
STD0070,Female,15,64.19,89.2,97.09,87.37,21.1,Primary,Fair,True,True,High
STD0071,Female,20,67.96,81.69,60.18,87.74,1.5,None,Poor,True,False,High
STD0072,Female,19,69.19,71.95,68.45,85.14,6.8,None,Poor,False,True,High
STD0073,Male,23,73.29,66.93,67.33,49.84,2.6,None,Fair,False,True,Medium
STD0074,Female,15,91.8,45.06,74.57,88.61,7.4,Secondary,Poor,False,True,Medium
STD0075,Male,21,61.79,63.96,82.38,68.01,2.3,Secondary,Poor,True,True,Medium
STD0076,Female,19,88.8,94.61,45.75,56.17,16.7,Tertiary,Good,False,True,Medium
STD0077,Female,19,70.27,88.48,67.01,73.77,3.3,Primary,Poor,True,True,High
STD0078,Female,16,80.09,52.96,87.81,30.86,21.3,None,Good,True,False,Medium
STD0079,Male,17,81.63,68.0,62.42,40.01,20.4,None,Fair,True,False,Medium
STD0080,Female,21,68.64,89.0,49.49,81.96,0.3,None,Good,False,False,Medium
STD0081,Male,20,75.63,44.04,75.83,47.09,22.4,None,Fair,True,False,Medium
STD0082,Female,16,70.65,63.24,87.66,71.86,0.7,Secondary,Fair,True,False,Medium
STD0083,Male,20,53.46,91.11,34.42,56.96,6.0,Primary,Fair,False,True,Medium
STD0084,Female,16,71.86,64.23,84.38,89.84,0.8,Primary,Fair,True,True,High
STD0085,Male,16,54.87,44.66,87.52,96.67,8.4,Tertiary,Fair,False,True,High
STD0086,Male,16,70.25,72.55,62.31,91.85,12.8,Secondary,Good,True,True,High
STD0087,Female,17,79.65,91.7,98.83,48.94,19.9,None,Fair,False,True,High
STD0088,Male,16,78.97,75.42,85.07,43.59,8.4,Primary,Poor,True,False,Medium
STD0089,Female,18,83.13,53.58,84.16,63.21,17.6,Primary,Poor,True,False,Medium
STD0090,Female,23,54.76,63.05,82.35,30.51,4.7,Secondary,Fair,False,True,Medium
STD0091,Female,20,82.61,67.01,40.54,31.81,18.8,Tertiary,Poor,True,True,Low
STD0092,Female,15,65.61,74.76,45.21,68.73,5.9,Tertiary,Good,False,True,Medium
STD0093,Female,22,69.95,85.56,62.48,66.43,3.6,None,Good,True,False,Medium
STD0094,Female,21,92.9,45.93,48.48,99.62,4.6,Tertiary,Fair,False,False,Medium
STD0095,Female,24,50.45,93.38,59.07,44.13,4.6,Primary,Fair,True,True,Medium
STD0096,Female,17,79.42,40.74,92.19,48.07,12.8,Tertiary,Fair,True,False,Medium
STD0097,Female,15,79.94,62.2,87.7,37.95,21.1,None,Poor,True,True,Medium
STD0098,Female,19,69.83,41.65,74.1,94.23,2.0,Primary,Poor,False,False,Medium
STD0099,Female,18,61.85,63.58,90.07,84.45,17.7,Tertiary,Good,False,False,High
STD0100,Male,24,61.73,71.55,84.86,87.56,16.4,Tertiary,Poor,False,True,High
STD0101,Male,22,94.19,70.7,60.03,93.19,21.8,Secondary,Good,False,False,High
STD0102,Female,15,72.1,49.94,44.07,66.74,6.1,None,Poor,False,False,Medium
STD0103,Female,24,66.54,78.74,65.99,61.58,11.3,Tertiary,Good,True,True,Medium
STD0104,Female,15,72.44,42.69,81.54,53.13,23.1,Secondary,Fair,True,False,Medium
STD0105,Female,18,83.47,85.71,60.55,71.25,16.5,Primary,Poor,True,True,Medium
STD0106,Female,22,57.29,96.8,76.67,61.8,9.7,Secondary,Good,True,False,High
STD0107,Female,19,72.47,60.39,36.6,61.61,3.3,Secondary,Poor,True,True,Medium
STD0108,Female,16,79.39,71.03,82.36,95.58,6.6,Tertiary,Fair,False,True,High
STD0109,Female,20,97.43,62.73,86.89,98.88,14.5,Tertiary,Good,True,False,High
STD0110,Male,19,62.63,40.4,79.48,85.75,18.0,Tertiary,Poor,False,False,Medium
STD0111,Female,16,67.96,63.15,97.71,82.97,3.1,Secondary,Poor,True,True,High
STD0112,Male,17,68.97,87.5,87.87,77.64,15.0,Primary,Fair,False,False,High
STD0113,Female,23,80.28,75.76,93.22,41.63,13.8,None,Fair,False,False,Medium
STD0114,Female,21,67.84,46.08,95.35,34.14,12.8,Secondary,Good,False,False,Medium
STD0115,Male,21,76.68,90.83,86.09,78.35,17.3,Tertiary,Poor,True,True,High
STD0116,Female,20,89.09,71.87,77.2,81.02,20.9,None,Poor,True,True,High
STD0117,Male,22,85.27,90.5,30.4,33.29,8.1,Primary,Fair,True,True,Low
STD0118,Female,18,72.32,74.81,62.61,94.96,22.2,None,Fair,True,False,High
STD0119,Female,22,93.21,73.58,69.98,36.38,4.0,Tertiary,Good,False,False,Medium
STD0120,Male,18,77.91,46.32,51.28,50.01,4.3,Secondary,Poor,False,True,Low
STD0121,Female,22,77.0,50.04,52.27,77.07,6.7,Secondary,Poor,False,True,Medium
STD0122,Male,23,51.71,98.32,97.28,41.89,3.0,Tertiary,Good,False,False,High
STD0123,Female,17,99.33,53.71,92.42,33.88,5.8,Secondary,Good,True,False,Medium
STD0124,Male,17,56.15,98.65,89.44,53.18,2.7,Tertiary,Fair,False,False,High
STD0125,Male,16,61.56,71.91,58.42,83.62,20.5,Secondary,Fair,True,False,Medium
STD0126,Female,24,52.58,48.15,30.96,58.96,3.5,Secondary,Good,False,True,Low
STD0127,Female,17,82.0,45.96,35.62,75.71,18.7,Secondary,Good,False,False,Medium
STD0128,Male,17,61.24,52.53,51.85,70.57,1.2,Primary,Poor,False,False,Medium
STD0129,Female,19,59.0,95.54,31.1,31.56,23.7,Primary,Good,True,True,Medium
STD0130,Female,19,54.43,64.85,31.2,99.2,17.8,Tertiary,Good,True,True,Medium
STD0131,Female,16,55.17,63.73,94.16,32.9,0.2,Primary,Poor,False,False,Medium
STD0132,Male,24,79.23,58.79,79.43,97.75,19.1,Tertiary,Good,False,True,High
STD0133,Male,20,84.41,48.82,51.63,68.49,12.9,None,Fair,False,False,Medium
STD0134,Male,19,69.87,69.27,39.29,97.42,19.5,None,Fair,True,False,Medium
STD0135,Male,20,73.99,47.8,65.81,38.03,13.1,Primary,Poor,True,True,Low
STD0136,Male,15,84.3,90.13,30.37,64.33,16.0,None,Good,True,True,Medium
STD0137,Male,19,50.87,62.22,95.69,41.87,19.7,None,Fair,False,False,Medium
STD0138,Male,23,66.16,62.49,59.04,33.57,10.1,Secondary,Fair,True,True,Low
STD0139,Male,24,98.65,68.44,58.16,73.23,0.1,Secondary,Fair,False,False,Medium
STD0140,Male,16,79.01,66.65,57.34,44.54,21.2,Tertiary,Fair,True,False,Medium
STD0141,Female,15,62.71,99.69,34.85,71.14,9.5,None,Good,False,False,Medium
STD0142,Male,24,76.09,72.72,74.68,37.87,12.4,Tertiary,Good,False,True,Medium
STD0143,Female,23,67.13,45.29,81.31,53.24,0.2,Tertiary,Good,True,False,Medium
STD0144,Female,24,76.61,76.41,77.33,84.71,12.3,None,Good,False,False,High
STD0145,Female,23,56.29,49.1,39.69,60.59,24.7,Primary,Fair,False,False,Medium
STD0146,Male,23,56.64,41.86,70.52,73.94,7.0,None,Poor,False,True,Medium
STD0147,Male,20,57.18,98.24,69.86,75.32,9.9,Secondary,Poor,True,False,High
STD0148,Male,22,96.99,86.41,90.79,89.06,17.2,None,Fair,False,False,High
STD0149,Male,15,86.64,98.81,56.54,52.74,20.4,Primary,Fair,True,False,Medium
STD0150,Female,24,58.12,68.67,56.0,78.11,10.4,Tertiary,Poor,True,True,Medium
STD0151,Male,18,59.42,71.94,73.3,97.31,7.7,Tertiary,Poor,False,False,High
STD0152,Male,15,86.54,50.1,74.32,81.12,23.4,Secondary,Fair,True,False,Medium
STD0153,Male,22,57.81,54.81,62.85,64.29,16.9,Secondary,Fair,False,True,Medium
STD0154,Male,15,61.73,90.31,61.01,74.15,3.0,Secondary,Good,True,True,High
STD0155,Male,17,98.17,61.37,64.59,81.78,1.7,Tertiary,Good,False,False,Medium
STD0156,Female,18,62.77,89.61,90.27,72.86,12.1,Secondary,Poor,True,False,High
STD0157,Male,22,83.08,82.54,62.28,31.17,5.5,None,Fair,False,False,Medium
STD0158,Female,20,98.93,50.63,95.8,43.63,6.3,Tertiary,Poor,False,True,Medium
STD0159,Male,24,68.71,70.45,65.28,86.73,21.9,Primary,Good,False,True,High
STD0160,Female,21,50.88,80.64,96.44,49.09,2.2,Tertiary,Good,False,False,Medium
STD0161,Male,22,62.21,54.1,88.3,81.21,17.9,None,Poor,True,True,High
STD0162,Male,16,91.54,89.84,55.37,56.05,6.8,None,Good,True,False,Medium
STD0163,Female,24,93.23,72.69,90.45,66.53,19.0,Secondary,Fair,False,False,High
STD0164,Female,22,88.43,49.91,37.7,34.76,18.1,Tertiary,Poor,True,True,Low
STD0165,Female,17,55.66,74.98,94.75,42.69,0.2,Tertiary,Fair,False,False,Medium
STD0166,Male,21,89.78,99.98,74.22,97.0,12.7,Tertiary,Fair,False,True,High
STD0167,Female,17,95.93,49.03,33.81,92.31,3.5,Primary,Good,True,True,Medium
STD0168,Male,21,80.03,89.01,75.1,75.66,21.7,Secondary,Fair,True,False,High
STD0169,Male,16,97.04,52.44,98.2,62.18,21.8,None,Poor,False,True,Medium
STD0170,Female,24,91.34,86.94,34.89,77.3,10.5,None,Fair,True,False,Medium
STD0171,Female,20,83.35,84.07,68.83,73.3,11.1,Secondary,Fair,False,True,High
STD0172,Male,17,78.86,58.03,82.35,69.8,7.6,None,Fair,True,False,Medium
STD0173,Male,17,67.43,59.55,86.72,34.14,17.9,None,Fair,True,False,Medium
STD0174,Female,23,57.96,87.55,58.97,74.3,9.0,Secondary,Fair,True,False,Medium
STD0175,Female,21,80.25,67.69,44.29,83.82,6.7,None,Good,True,True,Medium
STD0176,Female,19,65.91,83.85,32.96,99.59,10.8,Tertiary,Poor,True,False,Medium
STD0177,Male,24,93.32,48.88,70.58,30.78,2.3,Primary,Good,False,True,Low
STD0178,Male,21,99.67,91.15,61.7,81.11,18.7,Secondary,Poor,True,True,High
STD0179,Male,23,87.62,82.65,96.41,70.03,0.3,Primary,Poor,True,True,High
STD0180,Male,15,54.52,94.42,34.24,60.38,16.1,None,Poor,False,True,Medium
STD0181,Male,21,64.43,47.94,77.98,38.93,4.6,None,Poor,False,True,Medium
STD0182,Male,20,55.46,75.58,31.75,58.64,5.8,Tertiary,Poor,False,False,Medium
STD0183,Female,24,82.53,75.95,42.0,54.81,15.9,Secondary,Fair,True,True,Medium
STD0184,Male,23,88.26,61.21,61.75,51.2,24.8,None,Good,True,False,Medium
STD0185,Male,15,96.28,67.51,61.84,81.16,19.4,Secondary,Good,False,False,Medium
STD0186,Male,18,71.91,42.28,78.0,79.05,5.6,Secondary,Fair,False,True,Medium
STD0187,Female,23,95.07,84.75,93.71,71.23,4.4,Secondary,Poor,False,False,High
STD0188,Male,18,93.89,72.96,74.73,95.71,21.7,Secondary,Good,False,False,High
STD0189,Male,24,65.86,43.46,96.75,54.49,11.1,Secondary,Fair,True,True,Medium
STD0190,Female,17,93.45,80.85,91.71,47.07,3.4,Primary,Fair,True,False,Medium
STD0191,Male,23,68.78,68.01,70.91,75.91,21.6,Tertiary,Good,True,True,Medium
STD0192,Male,16,64.84,42.07,88.37,43.92,20.4,Secondary,Good,True,True,Medium
STD0193,Male,18,82.45,98.18,74.98,52.05,24.6,Primary,Poor,True,True,Medium
STD0194,Male,20,66.42,96.95,35.5,45.72,22.7,None,Poor,False,False,Medium
STD0195,Male,16,81.51,70.77,81.84,34.84,21.3,Secondary,Good,True,False,Medium
STD0196,Female,22,80.49,45.62,36.64,87.92,1.3,None,Poor,False,False,Medium
STD0197,Female,22,78.17,85.28,71.59,47.82,2.6,Secondary,Fair,False,False,Medium
STD0198,Female,15,69.02,69.52,79.18,63.11,14.2,Primary,Poor,False,True,Medium
STD0199,Male,17,77.42,58.15,34.66,33.03,13.3,Primary,Poor,True,True,Low
STD0200,Male,24,79.82,69.49,46.16,78.95,11.4,Primary,Fair,False,False,Medium
STD0201,Male,23,77.28,71.35,94.1,53.14,9.9,Tertiary,Poor,True,True,Medium
STD0202,Female,19,72.22,73.76,73.14,82.13,10.8,None,Fair,False,False,High
STD0203,Male,20,50.73,66.47,47.24,58.87,14.2,Tertiary,Poor,True,True,Medium
STD0204,Male,18,79.35,76.35,78.35,43.7,0.1,Secondary,Good,False,True,Medium
STD0205,Female,24,58.42,95.12,71.77,65.92,6.5,None,Poor,True,True,High
STD0206,Male,16,82.13,61.74,65.11,39.14,13.0,Primary,Good,False,True,Medium
STD0207,Female,22,87.97,83.54,98.33,60.84,18.1,None,Good,False,True,High
STD0208,Female,20,75.02,93.67,77.84,52.21,4.4,Primary,Good,False,False,Medium
STD0209,Female,19,77.12,67.36,56.28,93.84,13.7,Tertiary,Good,False,False,Medium
STD0210,Male,23,97.57,66.61,86.01,34.27,17.9,Tertiary,Good,True,True,Medium
STD0211,Male,15,92.36,76.13,91.92,78.58,11.1,Primary,Fair,True,False,High
STD0212,Male,19,95.71,75.48,38.77,42.79,0.7,Primary,Fair,True,True,Medium
STD0213,Male,20,90.69,88.4,44.04,52.33,11.2,Secondary,Fair,False,True,Medium
STD0214,Male,19,55.45,68.59,45.14,59.09,7.4,Tertiary,Good,False,True,Medium
STD0215,Male,20,57.45,99.77,78.38,93.56,23.2,Tertiary,Poor,False,True,High
STD0216,Male,20,76.33,43.57,72.21,46.98,3.1,Secondary,Fair,False,False,Medium
STD0217,Female,21,62.3,40.19,73.33,36.39,16.3,Tertiary,Poor,False,True,Low
STD0218,Male,18,73.83,78.41,95.85,52.31,1.3,Primary,Poor,False,False,Medium
STD0219,Female,22,69.72,57.91,84.31,37.33,11.2,None,Good,True,True,Medium
STD0220,Male,21,77.47,54.42,38.96,39.0,13.8,None,Good,True,True,Low
STD0221,Male,23,87.34,58.71,54.33,70.17,7.4,Tertiary,Good,True,False,Medium
STD0222,Male,21,85.77,55.36,60.48,34.26,11.4,Secondary,Fair,True,True,Low
STD0223,Female,17,76.06,41.85,57.72,32.17,4.1,Primary,Good,True,True,Low
STD0224,Female,17,91.12,98.29,76.85,80.01,7.6,None,Fair,True,False,High
STD0225,Female,22,71.54,53.24,92.43,55.32,15.5,Primary,Fair,True,False,Medium
STD0226,Female,19,94.84,84.04,51.42,38.78,7.5,Tertiary,Fair,True,False,Medium
STD0227,Male,18,53.56,85.76,68.63,47.75,22.5,Tertiary,Fair,False,True,Medium
STD0228,Female,22,97.73,95.76,85.26,74.95,15.7,None,Good,False,True,High
STD0229,Male,20,82.73,41.83,59.14,49.29,11.0,Tertiary,Fair,False,False,Medium
STD0230,Male,16,69.0,92.32,41.77,64.62,1.0,Secondary,Good,False,False,Medium
STD0231,Female,18,59.86,71.63,63.25,38.52,12.5,Tertiary,Good,False,True,Medium
STD0232,Female,18,73.96,77.95,33.87,71.17,19.1,Tertiary,Fair,False,True,Medium
STD0233,Female,20,59.73,78.67,95.97,52.13,6.6,Tertiary,Good,False,False,Medium
STD0234,Female,20,58.32,89.19,35.24,73.89,20.2,Primary,Poor,True,False,Medium
STD0235,Female,15,80.87,60.0,60.69,86.59,6.3,Primary,Good,True,False,Medium
STD0236,Female,22,76.15,83.98,67.09,72.82,20.6,None,Good,False,False,Medium
STD0237,Female,20,83.5,71.71,98.97,50.7,2.1,None,Fair,True,True,Medium
STD0238,Female,17,96.48,87.6,41.62,47.9,21.7,None,Fair,True,True,Medium
STD0239,Male,23,76.61,99.43,38.01,52.92,12.5,Tertiary,Good,True,True,Medium
STD0240,Female,16,79.05,52.04,30.61,41.52,7.4,Primary,Fair,True,True,Low
STD0241,Female,22,54.48,99.68,40.89,42.68,6.6,Secondary,Poor,True,False,Medium
STD0242,Male,24,85.88,45.39,44.51,85.35,10.8,Tertiary,Poor,False,True,Medium
STD0243,Female,17,70.0,40.14,74.14,56.93,25.0,Tertiary,Fair,True,False,Medium
STD0244,Male,19,98.84,42.65,45.38,60.52,5.5,Tertiary,Good,False,True,Medium
STD0245,Male,20,91.16,60.51,31.44,71.58,2.6,Secondary,Poor,False,True,Medium
STD0246,Female,24,76.12,77.97,87.86,71.28,14.6,None,Poor,False,True,High
STD0247,Male,20,56.16,44.14,55.59,34.72,12.2,Secondary,Good,True,False,Low
STD0248,Male,18,92.97,40.34,54.76,88.21,13.1,None,Fair,False,True,Medium
STD0249,Male,17,89.99,96.23,51.17,42.41,16.7,Secondary,Poor,False,False,Medium
STD0250,Male,18,59.23,89.32,98.28,80.62,6.7,Primary,Good,False,False,High
STD0251,Female,15,64.76,88.55,41.91,84.09,22.8,Tertiary,Good,False,True,Medium
STD0252,Male,18,89.67,93.07,92.88,80.04,10.9,Tertiary,Poor,True,False,High
STD0253,Female,15,59.26,82.0,84.38,70.53,3.2,Tertiary,Fair,False,True,High
STD0254,Male,15,95.89,46.26,35.35,31.02,18.6,None,Poor,False,False,Low
STD0255,Male,24,71.23,63.95,99.07,55.23,16.1,Secondary,Good,False,True,Medium
STD0256,Male,20,54.35,83.39,49.0,72.34,7.9,Primary,Poor,False,False,Medium
STD0257,Male,19,90.79,56.82,36.9,57.12,15.5,Secondary,Fair,True,False,Medium
STD0258,Female,18,68.68,81.24,88.05,90.44,5.5,Tertiary,Good,False,True,High
STD0259,Female,17,76.32,41.47,79.47,51.62,11.1,Primary,Fair,False,True,Medium
STD0260,Male,15,55.62,58.37,73.21,50.55,22.5,Primary,Poor,False,True,Medium
STD0261,Male,20,50.13,72.95,40.92,48.62,3.3,Tertiary,Poor,False,True,Medium
STD0262,Female,16,81.9,77.93,63.49,53.29,9.7,Secondary,Fair,False,False,Medium
STD0263,Male,22,75.76,74.62,84.64,69.02,20.5,Tertiary,Poor,False,False,High
STD0264,Male,24,79.68,81.87,51.25,79.49,24.2,Secondary,Fair,True,False,Medium
STD0265,Male,19,89.69,40.37,51.82,76.38,11.3,Primary,Poor,False,False,Medium
STD0266,Female,21,82.33,46.06,30.22,86.54,12.7,Primary,Fair,True,True,Medium
STD0267,Female,24,58.74,92.14,42.2,92.01,14.3,Tertiary,Fair,True,False,High
STD0268,Female,16,68.04,80.9,91.28,87.13,23.3,Primary,Good,False,True,High
STD0269,Male,22,95.29,46.78,60.92,31.33,21.5,None,Good,True,False,Low
STD0270,Male,16,88.5,90.52,98.9,81.51,4.3,Primary,Fair,False,True,High
STD0271,Female,18,77.83,54.53,57.7,44.59,10.9,None,Poor,True,True,Medium
STD0272,Female,15,62.78,68.7,80.06,39.3,11.6,Primary,Poor,False,True,Medium
STD0273,Female,19,65.1,48.71,49.73,74.69,19.7,Tertiary,Poor,True,True,Medium
STD0274,Female,23,86.6,82.61,55.47,52.38,15.1,Tertiary,Fair,True,True,Medium
STD0275,Male,15,92.56,80.01,43.35,34.0,16.4,None,Fair,False,False,Medium
STD0276,Female,23,83.57,52.67,54.29,39.63,25.0,Tertiary,Fair,True,True,Low
STD0277,Male,22,90.48,91.8,68.31,30.07,1.9,Primary,Fair,True,False,Medium
STD0278,Female,20,88.33,64.08,99.42,93.23,5.6,Primary,Good,True,False,High
STD0279,Male,21,57.49,57.55,76.49,31.72,10.2,Tertiary,Fair,True,True,Medium
STD0280,Female,17,71.2,49.14,43.95,44.66,8.7,Primary,Poor,True,False,Low
STD0281,Female,15,57.65,55.97,33.15,59.14,0.5,Secondary,Good,False,False,Medium
STD0282,Female,19,61.76,41.32,38.84,54.96,2.3,Secondary,Poor,True,False,Low
STD0283,Female,16,93.46,75.0,69.38,93.82,17.0,Primary,Fair,True,True,High
STD0284,Male,19,73.64,90.53,83.56,32.82,22.0,Tertiary,Good,False,True,Medium
STD0285,Female,22,76.77,72.94,95.83,65.86,12.9,None,Fair,False,True,High
STD0286,Male,23,58.92,53.16,31.11,77.63,13.5,Tertiary,Good,False,True,Medium
STD0287,Male,16,65.61,42.02,66.59,95.22,6.4,None,Poor,True,False,Medium
STD0288,Male,17,61.51,52.88,62.96,73.43,19.2,Tertiary,Fair,True,False,Medium
STD0289,Male,17,60.31,64.97,75.92,86.26,18.8,Primary,Fair,True,False,High
STD0290,Female,15,81.9,85.58,69.17,35.86,14.7,Secondary,Good,True,False,Medium
STD0291,Male,22,62.84,51.27,78.09,57.02,5.3,Tertiary,Good,False,False,Medium
STD0292,Male,20,81.6,83.19,76.07,56.18,2.4,None,Fair,False,False,Medium
STD0293,Male,22,52.92,92.02,38.19,92.04,1.6,Secondary,Good,True,True,High
STD0294,Female,23,57.09,67.24,85.98,40.6,14.8,None,Fair,True,False,Medium
STD0295,Female,19,63.73,89.29,38.63,40.63,20.6,Primary,Good,True,False,Medium
STD0296,Female,17,79.85,73.28,78.9,53.0,21.5,Secondary,Poor,True,False,Medium
STD0297,Female,19,83.79,78.23,59.13,33.81,11.6,None,Good,False,True,Medium
STD0298,Male,19,72.14,71.58,65.97,42.77,19.6,Tertiary,Poor,False,False,Medium
STD0299,Male,19,72.29,67.79,93.23,97.56,23.7,Primary,Good,True,False,High
STD0300,Female,17,86.23,54.08,92.29,59.97,6.9,Primary,Good,False,True,Medium
STD0301,Male,24,50.79,58.19,87.25,74.24,9.9,Primary,Fair,True,False,Medium
STD0302,Male,18,67.05,57.4,65.71,80.83,23.3,Tertiary,Good,True,True,Medium
STD0303,Male,23,90.94,73.8,81.54,55.69,8.5,Tertiary,Good,False,True,Medium
STD0304,Female,24,80.16,47.2,65.9,40.31,22.8,Secondary,Poor,True,False,Medium
STD0305,Female,23,66.86,95.01,90.87,44.46,24.5,Tertiary,Good,False,False,Medium
STD0306,Male,16,95.28,83.24,58.19,51.93,16.5,Secondary,Fair,True,True,Medium
STD0307,Female,22,88.63,64.09,97.92,74.52,20.4,Primary,Poor,False,False,High
STD0308,Female,22,63.24,49.52,95.26,57.88,18.7,Secondary,Fair,True,False,Medium
STD0309,Female,21,82.26,92.92,81.91,30.48,17.5,None,Fair,False,True,Medium
STD0310,Female,22,79.79,89.43,49.56,66.64,7.7,Primary,Fair,True,True,Medium
STD0311,Female,17,70.06,83.3,39.22,94.51,1.4,Primary,Fair,True,False,Medium
STD0312,Male,20,68.35,56.29,89.83,86.85,8.6,Secondary,Poor,False,True,High
STD0313,Female,15,67.18,64.15,41.57,87.76,16.7,Primary,Good,True,False,Medium
STD0314,Male,21,80.86,46.16,89.8,85.65,2.6,Tertiary,Fair,False,False,High
STD0315,Male,15,72.12,51.34,64.35,52.66,0.3,None,Poor,False,False,Medium
STD0316,Female,23,91.59,86.98,58.46,83.56,3.5,Secondary,Fair,True,False,High
STD0317,Male,15,83.48,82.9,93.22,40.02,17.9,Secondary,Good,True,True,Medium
STD0318,Male,15,53.5,75.61,72.27,76.04,24.3,Primary,Poor,True,False,Medium
STD0319,Male,21,82.01,93.74,70.36,74.91,24.6,Tertiary,Poor,True,True,High
STD0320,Female,16,63.56,75.0,69.11,31.79,12.3,Primary,Good,False,False,Medium
STD0321,Female,19,79.64,68.02,55.98,85.16,21.7,Primary,Poor,True,False,Medium
STD0322,Male,22,84.01,60.42,85.0,93.23,18.4,Secondary,Good,True,True,High
STD0323,Female,22,61.54,96.43,47.7,48.72,12.5,Primary,Poor,True,False,Medium
STD0324,Female,17,72.84,44.96,95.72,86.87,14.3,None,Poor,False,True,High
STD0325,Female,21,59.52,95.85,92.58,35.77,3.4,Primary,Good,True,True,Medium
STD0326,Female,17,52.62,89.6,53.62,72.0,23.4,Primary,Good,False,False,Medium
STD0327,Male,20,68.92,47.8,81.06,64.0,8.8,Secondary,Poor,True,False,Medium
STD0328,Male,20,68.15,73.9,70.13,68.21,11.2,Primary,Poor,False,False,Medium
STD0329,Female,17,99.77,91.99,53.64,94.83,16.8,Tertiary,Good,True,False,High
STD0330,Female,21,72.32,74.31,99.2,90.99,8.3,Secondary,Good,True,True,High
STD0331,Male,17,66.68,94.43,31.77,84.96,6.4,Primary,Poor,False,False,Medium
STD0332,Male,22,79.02,96.58,47.69,49.16,15.8,None,Poor,True,False,Medium
STD0333,Female,24,54.44,65.34,66.41,93.83,0.6,None,Poor,True,False,High
STD0334,Male,18,98.08,62.64,66.54,36.83,18.0,Secondary,Good,True,False,Medium
STD0335,Female,15,81.75,96.18,71.23,89.73,12.9,Secondary,Poor,False,False,High
STD0336,Female,18,87.74,80.51,82.62,52.97,15.1,Primary,Fair,True,True,Medium
STD0337,Male,21,58.52,46.96,73.64,33.76,15.8,Tertiary,Good,False,False,Low
STD0338,Male,18,70.47,42.54,72.02,76.85,13.2,Primary,Poor,False,True,Medium
STD0339,Female,20,71.13,73.88,33.75,46.19,14.6,None,Good,False,False,Medium
STD0340,Female,23,91.09,95.81,56.36,47.05,17.1,Tertiary,Fair,True,False,Medium
STD0341,Male,15,50.06,90.65,46.24,51.42,18.8,Tertiary,Good,False,False,Medium
STD0342,Female,19,65.04,80.55,48.58,34.46,18.2,Tertiary,Poor,False,True,Medium
STD0343,Male,21,99.06,48.35,68.8,42.4,21.7,Primary,Fair,True,False,Medium
STD0344,Female,15,73.74,55.25,43.97,30.36,4.7,None,Fair,False,True,Low
STD0345,Male,18,69.13,92.53,50.58,61.18,10.0,Secondary,Poor,False,True,Medium
STD0346,Male,20,55.99,50.97,46.6,35.9,23.7,Primary,Poor,True,False,Low
STD0347,Male,16,98.71,56.71,96.4,77.79,9.9,Secondary,Poor,True,True,High
STD0348,Female,24,51.0,47.78,96.13,46.49,3.1,Tertiary,Good,False,False,Medium
STD0349,Female,19,86.86,80.57,72.7,96.05,13.1,Tertiary,Good,True,False,High
STD0350,Male,24,88.43,96.64,94.72,90.99,2.7,Primary,Good,True,True,High
STD0351,Female,15,62.18,56.14,85.01,50.26,5.1,None,Poor,True,False,Medium
STD0352,Male,20,83.58,68.52,71.3,84.83,25.0,Tertiary,Poor,False,False,High
STD0353,Male,20,54.65,78.06,30.45,86.23,13.5,Secondary,Good,False,True,Medium
STD0354,Female,18,62.85,99.97,84.08,99.06,7.1,Secondary,Fair,True,True,High
STD0355,Female,22,89.4,46.29,79.17,71.85,24.9,Primary,Good,False,True,Medium
STD0356,Male,18,93.23,69.91,73.07,35.74,24.2,Secondary,Fair,True,True,Medium
STD0357,Female,22,80.42,63.11,83.23,75.28,11.0,None,Poor,True,True,Medium
STD0358,Female,22,75.34,91.95,65.9,73.75,6.5,Tertiary,Poor,True,True,High
STD0359,Male,19,57.97,68.56,79.29,74.68,21.0,Secondary,Good,True,False,Medium
STD0360,Male,18,53.16,46.66,95.46,51.5,17.9,Secondary,Good,True,True,Medium
STD0361,Female,16,55.88,78.07,56.31,90.18,17.2,Tertiary,Poor,False,True,High
STD0362,Male,17,61.37,86.25,79.57,97.16,22.3,Primary,Good,False,False,High
STD0363,Male,17,67.08,40.17,63.3,45.24,17.2,Secondary,Poor,False,False,Low
STD0364,Female,18,69.05,91.54,77.21,36.17,7.1,Primary,Poor,False,True,Medium
STD0365,Male,18,67.32,51.16,83.4,43.62,17.3,Primary,Fair,True,True,Medium
STD0366,Male,24,61.95,73.12,33.18,87.44,7.6,Secondary,Good,True,False,Medium
STD0367,Female,19,75.49,64.95,75.26,77.37,19.0,None,Poor,False,True,Medium
STD0368,Female,18,91.26,83.18,45.87,74.52,15.5,Primary,Good,False,True,Medium
STD0369,Male,24,63.99,62.27,76.9,58.13,1.9,Secondary,Fair,True,False,Medium
STD0370,Male,22,97.12,92.19,62.78,70.45,12.8,Primary,Fair,True,True,Medium
STD0371,Female,20,93.67,83.83,84.15,51.55,8.6,Tertiary,Good,True,False,Medium
STD0372,Female,20,58.09,78.86,38.64,63.4,8.2,None,Good,False,True,Medium
STD0373,Female,22,89.31,87.77,73.84,85.51,15.1,None,Poor,True,False,High
STD0374,Female,21,78.73,85.24,49.49,98.69,8.1,Tertiary,Fair,True,False,High
STD0375,Male,24,78.33,42.16,89.71,95.27,19.4,Tertiary,Fair,False,False,High
STD0376,Female,24,69.55,63.68,94.99,95.37,1.8,Primary,Fair,False,True,High
STD0377,Female,22,75.06,95.85,99.75,58.16,16.5,Tertiary,Good,False,False,High
STD0378,Male,16,69.86,47.54,85.72,62.82,20.2,None,Poor,True,True,Medium
STD0379,Female,23,76.99,84.23,82.76,79.39,16.8,Tertiary,Good,True,False,High
STD0380,Male,15,81.4,98.48,45.09,94.55,12.4,Secondary,Good,False,False,High
STD0381,Female,22,83.72,43.13,53.52,39.94,23.8,Secondary,Good,True,False,Low
STD0382,Female,18,76.62,80.93,62.6,51.3,7.5,Primary,Poor,True,True,Medium
STD0383,Female,18,86.07,68.09,84.14,39.75,0.5,None,Good,True,True,Medium
STD0384,Male,19,57.06,74.75,94.05,72.84,10.8,Secondary,Fair,False,False,High
STD0385,Male,22,60.6,45.12,43.24,51.44,0.8,Tertiary,Fair,False,True,Low
STD0386,Female,19,90.94,42.58,94.57,52.83,23.8,Secondary,Fair,True,True,Medium
STD0387,Male,22,66.13,80.01,78.69,34.96,5.2,Secondary,Poor,True,True,Medium
STD0388,Male,24,51.14,89.4,72.75,54.49,19.7,Primary,Good,True,False,Medium
STD0389,Male,15,57.69,86.92,43.99,90.37,19.4,Tertiary,Poor,True,True,High
STD0390,Male,24,61.18,72.63,33.89,46.32,5.4,Tertiary,Good,False,False,Medium
STD0391,Male,23,97.87,45.99,69.79,78.66,15.5,Tertiary,Fair,False,False,Medium
STD0392,Male,20,78.65,81.28,75.61,74.07,1.2,Primary,Good,True,False,High
STD0393,Female,17,96.64,54.51,44.75,90.44,12.1,Tertiary,Good,True,True,Medium
STD0394,Female,22,78.76,94.66,68.95,39.26,0.4,Tertiary,Good,False,False,Medium
STD0395,Male,23,73.97,90.3,89.95,98.43,23.0,Secondary,Poor,True,True,High
STD0396,Female,20,65.69,82.56,88.45,70.78,24.4,Secondary,Good,False,True,High
STD0397,Female,21,80.32,96.93,94.91,99.68,5.6,Tertiary,Good,True,False,High
STD0398,Female,15,56.96,41.89,55.61,93.81,5.2,None,Good,False,False,Medium
STD0399,Female,19,94.91,84.17,52.26,45.51,18.8,None,Poor,True,False,Medium
STD0400,Male,19,91.47,59.81,82.46,33.93,6.3,Tertiary,Poor,True,True,Medium
STD0401,Female,24,65.88,94.36,60.18,47.89,22.4,None,Poor,False,True,Medium
STD0402,Female,18,97.64,56.0,36.13,66.93,14.3,Primary,Good,False,False,Medium
STD0403,Male,20,91.26,83.49,49.8,42.01,8.8,Secondary,Fair,True,False,Medium
STD0404,Male,21,83.32,92.66,59.3,41.72,20.8,Primary,Fair,True,True,Medium
STD0405,Female,23,56.09,42.5,50.48,62.38,12.3,Secondary,Fair,False,True,Medium
STD0406,Female,15,73.91,63.86,53.25,32.33,22.8,None,Good,False,False,Low
STD0407,Female,20,75.31,85.74,50.56,38.53,23.2,None,Fair,True,True,Medium
STD0408,Female,21,61.63,67.3,32.9,59.11,4.1,Tertiary,Fair,True,True,Medium
STD0409,Female,17,54.0,56.04,74.6,34.42,0.1,None,Fair,False,True,Medium
STD0410,Female,22,88.84,53.19,71.81,57.77,24.6,None,Good,False,True,Medium
STD0411,Male,19,56.1,47.89,75.74,63.18,22.7,Tertiary,Fair,False,True,Medium
STD0412,Female,23,79.71,91.43,43.46,61.59,1.4,Tertiary,Fair,False,True,Medium
STD0413,Female,19,96.82,74.52,50.7,90.84,20.8,Secondary,Good,False,False,Medium
STD0414,Male,23,93.81,44.58,73.37,67.1,11.4,None,Poor,True,True,Medium
STD0415,Male,24,63.89,62.95,71.97,62.76,6.5,Secondary,Fair,True,False,Medium
STD0416,Male,18,92.57,62.06,65.44,58.75,22.0,Secondary,Poor,False,False,Medium
STD0417,Male,23,50.02,50.9,54.53,87.23,4.9,Primary,Fair,True,True,Medium
STD0418,Female,19,50.88,66.13,93.91,92.65,23.7,None,Good,True,False,High
STD0419,Female,24,80.13,59.93,53.78,89.73,5.1,None,Poor,False,False,Medium
STD0420,Female,23,68.24,60.51,61.89,77.15,15.3,Primary,Poor,True,False,Medium
STD0421,Female,17,69.32,84.34,77.47,39.62,5.6,Secondary,Poor,True,True,Medium
STD0422,Female,18,78.22,53.4,68.01,49.38,13.6,None,Poor,True,False,Medium
STD0423,Female,23,59.59,78.51,54.28,33.22,17.1,Secondary,Fair,False,True,Medium
STD0424,Male,24,60.59,74.24,60.5,95.16,4.8,Primary,Fair,False,False,High
STD0425,Female,20,74.23,74.09,85.61,76.26,13.0,Tertiary,Poor,True,False,High
STD0426,Male,16,87.71,79.78,49.47,82.25,11.7,Secondary,Fair,True,False,Medium
STD0427,Male,21,80.97,72.9,39.96,51.81,1.8,None,Poor,True,False,Medium
STD0428,Female,16,64.87,92.76,51.92,89.2,20.5,Tertiary,Poor,True,True,High
STD0429,Male,16,71.52,80.53,89.47,48.17,8.4,Secondary,Good,True,False,Medium
STD0430,Female,15,58.53,72.82,36.23,30.12,14.4,Secondary,Poor,True,False,Low
STD0431,Male,17,53.73,89.79,99.42,56.35,12.9,Tertiary,Fair,False,True,High
STD0432,Female,20,89.13,76.37,67.87,69.95,12.8,Tertiary,Poor,True,True,Medium
STD0433,Male,22,63.27,57.47,98.94,63.51,2.7,Tertiary,Good,True,True,Medium
STD0434,Female,23,58.89,52.43,95.73,90.35,10.6,None,Fair,False,False,High
STD0435,Female,21,84.58,49.14,61.7,37.38,11.3,None,Good,True,True,Low
STD0436,Female,18,80.9,93.97,43.89,68.77,18.3,Secondary,Good,True,True,Medium
STD0437,Female,20,81.66,82.61,41.54,65.91,21.0,Secondary,Poor,True,True,Medium
STD0438,Female,19,61.44,96.24,46.8,49.7,13.6,Primary,Good,True,True,Medium
STD0439,Male,22,61.63,76.2,79.71,87.56,2.2,None,Good,False,True,High
STD0440,Male,15,61.04,68.4,49.11,82.7,5.9,Secondary,Fair,True,True,Medium
STD0441,Male,15,58.69,43.58,53.9,81.3,4.1,Tertiary,Good,False,False,Medium
STD0442,Female,20,82.79,80.3,61.41,91.33,3.1,Tertiary,Poor,True,True,High
STD0443,Male,24,92.4,74.93,93.93,80.59,9.1,None,Poor,True,False,High
STD0444,Female,16,86.22,99.41,43.26,46.23,5.7,Tertiary,Poor,False,True,Medium
STD0445,Female,19,89.6,54.35,30.35,79.39,5.5,Primary,Good,True,True,Medium
STD0446,Male,15,70.24,71.84,34.21,51.54,1.4,Secondary,Fair,False,True,Medium
STD0447,Male,21,82.7,79.06,93.33,46.95,0.4,Secondary,Poor,False,False,Medium
STD0448,Female,15,67.71,78.68,75.33,35.11,2.6,Secondary,Good,False,True,Medium
STD0449,Male,18,76.28,73.68,49.11,82.08,4.3,None,Poor,True,True,Medium
STD0450,Female,23,74.08,86.62,42.4,79.77,10.8,Tertiary,Poor,True,True,Medium
STD0451,Female,15,58.84,52.3,50.6,46.41,12.8,Primary,Fair,True,True,Low
STD0452,Female,18,69.35,83.54,38.04,82.46,3.5,None,Poor,True,False,Medium
STD0453,Female,20,98.19,77.18,95.91,94.25,10.6,Secondary,Fair,False,False,High
STD0454,Female,20,62.43,93.76,84.89,37.56,8.5,Primary,Good,True,False,Medium
STD0455,Male,22,56.69,90.83,62.37,46.28,4.6,Secondary,Poor,True,False,Medium
STD0456,Male,15,70.93,58.91,90.55,82.52,0.2,Secondary,Good,False,False,High
STD0457,Female,21,89.52,56.57,47.46,49.22,11.7,None,Good,False,True,Medium
STD0458,Female,15,79.11,98.9,80.2,73.73,17.1,Secondary,Good,True,True,High
STD0459,Male,21,84.05,71.64,89.93,35.68,5.7,Primary,Poor,False,True,Medium
STD0460,Male,17,59.48,94.39,54.97,61.65,3.3,Secondary,Fair,False,False,Medium
STD0461,Female,22,80.95,49.83,83.02,81.74,22.2,Tertiary,Poor,False,True,Medium
STD0462,Male,17,66.18,78.57,50.66,78.06,6.9,Secondary,Good,False,False,Medium
STD0463,Female,15,91.72,88.59,50.92,87.06,5.6,None,Fair,False,True,High
STD0464,Male,22,81.46,96.84,37.49,91.42,21.4,Primary,Good,True,False,High
STD0465,Female,17,59.94,60.24,60.8,84.12,20.4,None,Fair,True,True,Medium
STD0466,Male,16,53.23,83.5,81.08,77.01,11.2,Tertiary,Poor,True,True,High
STD0467,Female,15,52.13,72.33,95.82,32.22,12.2,Secondary,Fair,True,True,Medium
STD0468,Male,17,68.57,43.64,72.27,67.45,5.4,None,Poor,True,True,Medium
STD0469,Male,16,63.29,81.4,90.42,32.64,2.0,None,Good,True,False,Medium
STD0470,Female,16,82.3,81.41,87.57,86.56,14.3,None,Fair,True,True,High
STD0471,Male,20,74.97,95.84,42.13,52.45,2.5,None,Good,False,True,Medium
STD0472,Female,15,63.3,69.84,64.01,69.37,11.2,Tertiary,Fair,True,True,Medium
STD0473,Male,16,57.46,53.82,38.18,49.56,23.5,Tertiary,Poor,True,False,Low
STD0474,Female,20,56.36,42.67,77.75,84.78,23.8,Secondary,Fair,True,True,Medium
STD0475,Male,17,93.23,64.94,96.49,92.06,6.0,Secondary,Fair,False,True,High
STD0476,Female,18,62.17,58.12,39.6,57.9,15.6,Primary,Poor,True,True,Medium
STD0477,Male,15,82.59,85.67,81.37,90.4,11.9,Tertiary,Poor,True,True,High
STD0478,Female,22,90.53,61.26,74.26,48.7,21.9,None,Poor,False,True,Medium
STD0479,Male,21,80.7,96.94,70.85,67.43,6.8,None,Fair,True,False,High
STD0480,Female,21,92.98,97.74,57.31,90.11,0.1,Primary,Good,True,False,High
STD0481,Female,17,69.62,77.25,54.86,52.81,4.1,None,Fair,False,False,Medium
STD0482,Female,24,97.81,95.72,33.17,96.78,8.7,Primary,Fair,True,True,High
STD0483,Male,24,56.66,85.65,45.25,38.53,7.9,Secondary,Good,False,False,Medium
STD0484,Female,17,55.11,72.81,31.06,31.28,19.8,Tertiary,Poor,True,True,Low
STD0485,Male,16,82.93,50.82,70.7,93.29,17.0,Primary,Fair,True,True,Medium
STD0486,Female,15,97.14,67.52,37.41,34.81,7.5,None,Good,True,True,Low
STD0487,Male,21,90.44,73.65,91.11,99.43,11.4,Primary,Poor,False,True,High
STD0488,Female,21,53.82,91.84,66.62,96.6,2.4,Secondary,Poor,False,False,High
STD0489,Male,16,63.97,68.88,78.98,39.59,22.5,None,Fair,False,False,Medium
STD0490,Male,21,96.52,93.86,58.76,67.63,23.4,Secondary,Poor,True,False,Medium
STD0491,Female,22,62.65,80.46,69.24,42.94,24.5,Secondary,Poor,True,True,Medium
STD0492,Male,15,89.06,48.22,95.99,59.97,21.7,Primary,Good,False,False,Medium
STD0493,Male,23,91.26,99.7,35.79,34.3,4.3,Secondary,Good,False,False,Medium
STD0494,Female,21,74.77,71.63,47.78,45.67,1.2,None,Poor,True,True,Medium
STD0495,Male,17,69.32,63.51,84.6,55.43,14.5,Secondary,Good,True,False,Medium
STD0496,Male,22,72.51,79.55,36.91,60.71,22.8,Secondary,Poor,True,True,Medium
STD0497,Male,21,61.35,46.53,35.3,98.42,4.4,Primary,Fair,True,False,Medium
STD0498,Female,22,94.47,78.19,55.31,86.55,0.2,Secondary,Good,False,False,Medium
STD0499,Male,20,72.53,69.89,36.45,81.62,20.1,Tertiary,Poor,True,False,Medium
STD0500,Female,23,94.12,64.4,70.96,67.59,1.9,Primary,Poor,True,True,Medium
STD0501,Male,19,55.28,97.18,45.84,88.8,10.3,Primary,Good,True,False,High
STD0502,Male,17,99.41,71.35,92.7,53.75,17.0,None,Good,True,False,Medium
STD0503,Male,17,72.16,53.15,84.85,79.62,5.9,None,Fair,True,False,Medium
STD0504,Female,15,52.39,67.54,78.98,99.56,2.1,None,Poor,True,False,High
STD0505,Male,22,51.9,95.16,73.19,52.02,19.3,None,Fair,True,True,Medium
STD0506,Male,16,87.31,50.57,90.44,77.18,15.8,Tertiary,Fair,False,True,Medium
STD0507,Female,17,82.95,52.84,45.61,89.1,24.7,Primary,Fair,False,False,Medium
STD0508,Male,22,90.11,40.78,91.12,94.11,8.6,Secondary,Good,False,False,High
STD0509,Female,22,55.27,40.85,85.26,80.26,1.5,None,Fair,True,False,Medium
STD0510,Female,18,51.78,89.76,82.37,49.85,18.4,None,Good,False,True,Medium
STD0511,Male,18,75.43,83.93,69.29,52.84,13.0,None,Good,True,False,Medium
STD0512,Female,19,69.38,61.3,47.24,31.45,5.3,Secondary,Fair,True,False,Low
STD0513,Male,20,73.1,81.9,59.65,83.26,19.5,None,Fair,True,True,High
STD0514,Female,19,99.58,63.71,85.55,32.99,5.1,Secondary,Poor,True,True,Medium
STD0515,Female,21,98.54,97.17,32.22,90.53,6.5,Primary,Fair,False,True,High
STD0516,Male,16,97.12,98.02,84.74,38.31,2.3,Primary,Poor,True,False,Medium
STD0517,Female,21,89.19,63.57,46.8,42.03,10.0,Primary,Fair,True,True,Low
STD0518,Female,24,67.74,91.25,40.1,63.36,10.5,Tertiary,Fair,False,True,Medium
STD0519,Female,21,70.61,86.39,38.1,81.65,12.9,Secondary,Fair,False,False,Medium
STD0520,Female,15,77.48,58.6,31.91,39.73,17.7,None,Fair,False,True,Low
STD0521,Female,21,91.53,53.92,66.65,60.8,22.7,None,Poor,True,False,Medium
STD0522,Male,19,53.44,67.49,45.28,63.8,3.4,None,Poor,False,False,Medium
STD0523,Female,17,71.21,86.88,99.26,44.86,1.4,None,Fair,True,True,Medium
STD0524,Male,17,54.13,97.61,70.21,38.09,0.5,Tertiary,Fair,True,False,Medium
STD0525,Female,18,75.73,85.81,39.65,88.55,3.6,None,Poor,False,True,Medium
STD0526,Male,16,94.95,91.31,78.21,65.17,16.4,Tertiary,Good,False,True,High
STD0527,Male,16,89.12,76.18,92.84,31.01,18.2,Secondary,Good,False,True,Medium
STD0528,Female,15,61.39,90.12,82.16,86.21,19.7,Primary,Good,True,False,High
STD0529,Female,19,98.8,87.07,35.35,98.66,6.1,None,Poor,True,True,High
STD0530,Female,18,83.37,62.62,92.71,72.41,7.6,Primary,Poor,True,False,High
STD0531,Male,24,50.52,73.12,85.58,65.26,12.1,Secondary,Good,True,False,Medium
STD0532,Female,16,62.77,88.29,41.08,91.49,1.6,Secondary,Good,True,False,High
STD0533,Male,17,63.04,42.76,33.63,96.68,15.3,None,Fair,True,True,Medium
STD0534,Male,21,53.46,88.48,69.01,82.82,24.6,Secondary,Poor,False,False,High
STD0535,Male,21,97.99,50.67,40.92,61.18,9.0,Primary,Poor,True,False,Medium
STD0536,Female,18,73.91,70.88,88.42,71.46,18.8,None,Good,False,True,High
STD0537,Female,19,94.79,88.5,55.08,79.07,12.5,Tertiary,Good,False,True,Medium
STD0538,Male,19,66.11,55.23,93.9,43.6,3.2,None,Poor,False,False,Medium
STD0539,Male,20,56.26,54.75,69.6,61.3,14.6,Primary,Fair,False,False,Medium
STD0540,Female,23,73.72,64.17,42.79,88.09,7.5,None,Good,False,True,Medium
STD0541,Male,16,55.7,93.68,39.77,75.83,0.9,None,Poor,True,False,Medium
STD0542,Female,19,74.3,40.03,70.35,58.78,15.9,Primary,Poor,True,False,Medium
STD0543,Male,17,96.01,94.08,83.33,76.44,21.5,None,Fair,True,False,High
STD0544,Female,18,76.04,49.23,84.71,38.28,8.6,None,Fair,True,False,Medium
STD0545,Male,24,80.82,99.41,49.3,58.1,9.8,Primary,Good,False,True,Medium
STD0546,Female,20,57.83,97.29,44.3,85.52,22.3,Secondary,Good,False,False,High
STD0547,Male,22,52.19,69.68,31.17,45.44,20.3,Primary,Good,False,True,Low
STD0548,Female,15,55.54,70.76,77.54,43.02,17.9,None,Poor,True,False,Medium
STD0549,Female,24,79.93,68.89,35.36,96.56,6.2,Tertiary,Good,True,True,Medium
STD0550,Male,22,54.75,78.13,59.45,44.69,22.8,Tertiary,Poor,True,False,Medium
STD0551,Male,21,68.8,45.44,72.12,48.26,3.9,Primary,Good,True,True,Medium
STD0552,Female,15,77.5,41.96,95.6,97.87,15.7,Tertiary,Fair,False,False,High
STD0553,Male,16,69.43,43.46,51.83,81.43,0.7,None,Fair,False,True,Medium
STD0554,Female,17,58.18,66.66,47.48,78.97,16.1,None,Poor,True,False,Medium
STD0555,Male,15,63.69,56.53,75.79,89.7,6.9,Primary,Fair,True,False,High
STD0556,Female,23,96.42,77.32,73.35,38.11,11.2,None,Poor,False,True,Medium
STD0557,Female,22,83.8,99.55,53.25,79.42,8.6,Secondary,Poor,False,True,High
STD0558,Female,16,74.8,63.18,94.97,65.26,4.3,None,Fair,False,True,Medium
STD0559,Female,23,50.64,74.43,89.14,88.04,15.5,Primary,Poor,False,True,High
STD0560,Female,21,99.62,64.94,45.68,65.57,22.0,Secondary,Fair,True,True,Medium
STD0561,Female,23,83.57,90.84,46.74,73.42,24.0,Secondary,Good,False,False,Medium
STD0562,Male,20,65.85,94.13,65.86,63.44,4.8,Tertiary,Good,False,True,Medium
STD0563,Male,20,93.96,92.64,84.15,63.47,17.9,None,Fair,False,True,High
STD0564,Male,18,62.92,98.46,33.08,83.76,16.6,Primary,Fair,False,False,Medium
STD0565,Female,24,77.2,41.65,78.53,74.0,8.6,Tertiary,Fair,True,True,Medium
STD0566,Female,24,81.8,90.39,75.38,74.33,0.5,Tertiary,Fair,True,True,High
STD0567,Female,16,61.05,85.11,46.2,61.52,17.2,None,Good,True,True,Medium
STD0568,Female,21,98.92,53.72,77.69,67.18,23.6,None,Poor,True,False,Medium
STD0569,Male,19,87.41,97.38,95.81,82.2,15.8,Primary,Poor,True,True,High
STD0570,Male,20,77.89,48.89,33.28,87.82,10.9,Tertiary,Good,True,False,Medium
STD0571,Female,16,59.03,80.77,52.38,78.76,13.1,Primary,Poor,False,False,Medium
STD0572,Male,19,52.69,53.49,60.67,94.69,5.0,Tertiary,Good,False,True,Medium
STD0573,Male,24,66.0,65.88,92.95,87.42,18.8,Tertiary,Poor,False,False,High
STD0574,Female,18,87.66,83.15,97.36,69.33,18.7,Tertiary,Fair,False,True,High
STD0575,Male,23,63.47,73.8,61.09,77.0,3.6,None,Fair,True,True,Medium
STD0576,Female,20,76.98,65.65,82.5,94.84,21.9,Tertiary,Fair,False,True,High
STD0577,Male,16,86.4,59.58,67.22,73.34,6.7,Tertiary,Good,True,True,Medium
STD0578,Female,15,55.4,90.38,67.64,87.74,24.6,Tertiary,Good,False,True,High
STD0579,Female,19,84.26,48.63,49.47,78.22,9.6,Secondary,Poor,False,False,Medium
STD0580,Female,23,54.59,65.81,45.19,68.64,4.4,None,Poor,False,False,Medium
STD0581,Female,20,98.26,94.23,50.16,46.93,8.8,Secondary,Poor,True,False,Medium
STD0582,Male,24,74.42,90.75,68.94,59.82,11.0,None,Good,False,False,Medium
STD0583,Female,21,57.53,64.06,32.04,97.74,1.7,Primary,Poor,True,True,Medium
STD0584,Female,19,67.12,85.79,93.51,76.04,14.5,Secondary,Fair,True,True,High
STD0585,Female,24,70.67,89.39,40.94,69.51,14.9,Primary,Poor,False,False,Medium
STD0586,Male,20,87.91,93.33,45.41,95.31,18.5,Tertiary,Fair,True,True,High
STD0587,Female,19,87.17,72.67,66.28,71.06,0.7,Primary,Good,True,False,Medium
STD0588,Male,23,80.6,52.27,79.71,66.83,13.5,Primary,Fair,False,False,Medium
STD0589,Female,20,55.3,55.32,36.7,83.15,1.3,Primary,Fair,False,False,Medium
STD0590,Male,22,57.58,57.74,52.24,79.89,17.5,Primary,Fair,False,False,Medium
STD0591,Male,16,54.69,75.63,97.81,43.52,1.4,None,Good,False,True,Medium
STD0592,Female,23,78.86,41.97,48.36,62.99,22.8,Secondary,Good,False,True,Medium
STD0593,Male,19,93.86,78.16,51.91,63.08,17.6,None,Good,False,False,Medium
STD0594,Female,21,71.69,61.86,88.55,56.48,12.7,None,Good,True,False,Medium
STD0595,Female,24,58.04,57.71,33.52,66.21,11.0,None,Poor,False,False,Medium
STD0596,Female,15,77.9,92.77,62.52,58.92,3.3,Primary,Good,False,False,Medium
STD0597,Male,24,90.59,67.6,56.57,43.95,7.3,None,Fair,True,False,Medium
STD0598,Male,19,87.09,45.7,52.16,58.87,21.7,Secondary,Good,False,True,Medium
STD0599,Female,24,94.07,89.6,50.0,35.06,22.6,None,Poor,True,False,Medium
STD0600,Female,16,63.9,42.86,36.4,70.31,0.0,Tertiary,Poor,False,False,Medium
STD0601,Male,20,59.7,83.6,52.04,89.76,14.9,Primary,Poor,False,True,High
STD0602,Female,15,93.99,86.43,33.01,80.77,18.0,Tertiary,Fair,True,True,Medium
STD0603,Female,17,82.88,61.16,84.67,55.23,15.5,Secondary,Good,False,True,Medium
STD0604,Female,19,65.55,89.49,57.88,36.09,2.0,Secondary,Good,True,True,Medium
STD0605,Male,18,87.12,70.94,61.07,44.15,5.4,Secondary,Good,False,True,Medium
STD0606,Male,17,90.76,67.8,92.55,68.18,6.3,Secondary,Fair,False,True,High
STD0607,Male,24,80.75,42.72,76.06,44.49,20.8,None,Fair,True,True,Medium
STD0608,Female,19,84.39,57.4,30.56,68.08,11.6,Primary,Poor,False,True,Medium
STD0609,Female,22,68.76,95.86,96.02,46.21,12.2,Secondary,Poor,False,True,High
STD0610,Female,18,76.93,63.51,46.6,89.42,23.4,Tertiary,Good,True,False,Medium
STD0611,Male,15,76.21,72.8,37.53,57.81,15.9,Secondary,Fair,False,True,Medium
STD0612,Female,21,92.4,71.92,83.77,47.19,22.5,Primary,Fair,True,False,Medium
STD0613,Female,22,92.0,75.43,65.03,86.86,11.4,Tertiary,Good,False,False,High
STD0614,Female,17,91.63,43.68,60.36,54.0,3.7,Tertiary,Good,True,False,Medium
STD0615,Female,20,50.55,61.73,47.47,37.8,23.2,Tertiary,Poor,False,False,Low
STD0616,Male,16,87.48,83.39,68.32,69.93,11.5,None,Poor,True,False,Medium
STD0617,Male,21,87.93,52.03,49.21,70.71,4.5,Secondary,Poor,True,False,Medium
STD0618,Female,22,83.92,52.21,93.11,80.03,7.6,None,Good,False,False,High
STD0619,Male,20,87.81,40.61,45.06,46.82,1.3,Tertiary,Good,False,False,Low
STD0620,Male,20,92.1,66.25,91.9,61.06,11.7,None,Poor,True,True,Medium
STD0621,Female,19,73.52,92.96,69.16,49.77,21.3,None,Poor,False,False,Medium
STD0622,Female,22,75.1,43.11,87.99,35.67,23.3,None,Fair,True,False,Medium
STD0623,Male,15,56.24,51.47,79.9,91.36,23.3,Secondary,Fair,False,False,High
STD0624,Female,24,69.27,58.61,78.77,81.02,3.1,Tertiary,Poor,False,False,Medium
STD0625,Male,18,82.17,83.9,52.7,51.1,9.6,Tertiary,Poor,True,True,Medium
STD0626,Female,18,89.02,78.44,46.37,71.96,0.7,Secondary,Fair,True,False,Medium
STD0627,Male,17,60.86,64.96,44.76,44.09,21.4,None,Poor,False,True,Medium
STD0628,Female,17,56.89,85.54,90.0,92.32,9.0,None,Fair,False,True,High
STD0629,Male,18,83.15,76.58,87.43,38.04,15.8,Primary,Fair,False,False,Medium
STD0630,Male,15,50.09,93.76,60.84,30.27,17.9,Primary,Fair,False,False,Medium
STD0631,Male,16,58.92,89.08,39.27,65.14,10.7,Primary,Good,False,True,Medium
STD0632,Female,23,51.45,55.17,56.76,70.82,7.7,Secondary,Good,True,False,Medium
STD0633,Male,24,58.34,56.29,73.35,70.53,24.1,Tertiary,Poor,False,False,Medium
STD0634,Male,16,59.07,47.52,61.81,33.82,24.1,Primary,Fair,False,True,Low
STD0635,Female,19,69.38,60.22,84.61,51.98,7.2,Tertiary,Good,True,True,Medium
STD0636,Female,23,70.12,99.97,99.83,64.94,12.0,Tertiary,Poor,True,False,High
STD0637,Male,23,93.71,64.35,43.38,45.16,24.3,Tertiary,Poor,True,False,Medium
STD0638,Male,22,75.51,53.23,62.18,91.08,0.1,Secondary,Poor,False,False,Medium
STD0639,Female,15,86.17,85.75,60.17,36.1,10.3,Secondary,Poor,True,True,Medium
STD0640,Female,15,55.21,72.55,51.31,64.12,2.5,Secondary,Poor,True,False,Medium
STD0641,Female,23,61.27,48.98,43.87,78.4,12.7,Secondary,Fair,True,True,Medium
STD0642,Female,22,85.15,62.84,34.6,48.32,0.6,Primary,Poor,True,True,Low
STD0643,Female,24,52.64,64.87,92.1,73.7,10.2,None,Fair,False,False,High
STD0644,Male,23,74.33,85.23,59.39,88.06,5.5,None,Good,False,True,High
STD0645,Female,21,79.97,41.24,64.78,43.32,13.3,None,Poor,False,False,Low
STD0646,Male,17,80.11,56.14,94.19,94.21,24.9,Primary,Good,True,False,High
STD0647,Male,17,51.15,71.06,84.34,68.75,20.0,None,Fair,True,True,Medium
STD0648,Male,16,66.11,56.13,39.14,50.95,21.1,Primary,Fair,True,False,Low
STD0649,Female,19,81.82,77.71,69.58,60.16,15.9,Primary,Good,True,True,Medium
STD0650,Male,17,57.45,68.91,60.96,51.85,1.0,Primary,Poor,True,True,Medium
STD0651,Male,20,84.77,61.7,85.8,80.76,5.2,None,Poor,True,False,High
STD0652,Female,16,87.3,96.95,80.7,85.74,23.1,Tertiary,Good,False,False,High
STD0653,Male,17,99.1,77.93,78.33,88.31,9.2,None,Good,False,False,High
STD0654,Male,19,60.49,47.8,53.84,99.0,2.6,None,Good,True,False,Medium
STD0655,Female,15,91.26,73.61,86.35,85.39,17.6,Secondary,Poor,False,True,High
STD0656,Male,15,76.01,86.84,33.67,72.1,7.5,Primary,Poor,True,True,Medium
STD0657,Male,24,68.67,82.51,41.17,53.75,6.7,Tertiary,Poor,True,True,Medium
STD0658,Male,23,56.12,50.33,53.49,68.12,24.9,Secondary,Good,False,False,Medium
STD0659,Female,21,86.78,98.35,35.38,32.87,21.5,Tertiary,Poor,True,True,Medium
STD0660,Female,15,61.79,66.93,46.45,82.14,10.2,Tertiary,Fair,False,True,Medium
STD0661,Female,22,68.57,49.54,88.11,61.22,24.5,Primary,Good,True,False,Medium
STD0662,Male,17,53.13,50.81,96.38,31.4,16.3,None,Poor,True,False,Medium
STD0663,Male,22,90.07,45.89,51.32,34.38,18.6,Primary,Good,False,False,Low
STD0664,Female,19,88.33,88.21,48.52,57.12,0.8,Primary,Fair,True,True,Medium
STD0665,Male,15,86.68,47.32,49.59,70.84,3.0,Secondary,Fair,True,False,Medium
STD0666,Male,21,64.97,47.51,49.44,62.49,15.8,Primary,Good,True,True,Medium
STD0667,Female,19,58.67,91.03,32.52,73.34,22.5,None,Good,False,True,Medium
STD0668,Female,20,81.88,60.68,94.88,63.62,15.6,Tertiary,Fair,True,True,Medium
STD0669,Male,20,74.81,41.85,44.96,76.32,3.4,Primary,Good,True,True,Medium
STD0670,Male,22,58.91,43.11,59.4,45.34,2.9,Tertiary,Fair,True,True,Low
STD0671,Male,23,84.3,48.53,30.68,37.9,21.1,Primary,Fair,False,False,Low
STD0672,Female,16,99.56,52.8,90.06,71.75,3.5,Tertiary,Poor,False,True,Medium
STD0673,Female,23,87.36,79.91,81.18,63.93,13.0,Primary,Good,False,False,Medium
STD0674,Female,24,87.0,49.44,96.27,31.88,0.9,Secondary,Good,False,True,Medium
STD0675,Female,23,97.52,47.13,84.71,56.63,2.0,Tertiary,Poor,False,True,Medium
STD0676,Male,24,60.15,85.88,51.96,37.43,16.8,Primary,Fair,True,False,Medium
STD0677,Female,24,78.28,80.26,47.35,67.19,17.2,Primary,Good,False,True,Medium
STD0678,Female,21,98.98,66.12,78.84,57.7,8.5,Secondary,Poor,False,True,Medium
STD0679,Female,15,58.26,72.96,55.49,72.92,5.4,Secondary,Poor,True,False,Medium
STD0680,Female,21,85.01,58.72,69.64,86.39,20.3,Secondary,Good,False,False,Medium
STD0681,Female,24,79.29,68.95,30.44,50.98,5.4,Tertiary,Poor,True,True,Medium
STD0682,Male,19,79.32,70.4,34.33,97.35,13.6,Tertiary,Fair,False,True,Medium
STD0683,Male,20,84.88,63.23,67.48,67.49,24.2,Secondary,Poor,True,True,Medium
STD0684,Female,24,96.48,94.39,69.63,73.28,3.7,None,Fair,True,False,High
STD0685,Male,21,89.13,40.96,82.6,77.65,23.5,None,Fair,False,True,Medium
STD0686,Female,19,52.81,86.93,39.24,76.67,4.6,Primary,Good,False,False,Medium
STD0687,Female,21,92.64,47.46,65.92,65.77,14.2,None,Poor,True,False,Medium
STD0688,Male,23,61.28,87.85,43.61,60.01,9.4,Primary,Fair,True,True,Medium
STD0689,Male,17,68.85,76.95,36.52,33.76,24.1,Tertiary,Fair,True,False,Low
STD0690,Female,22,73.09,90.6,58.73,31.55,6.8,Tertiary,Poor,True,True,Medium
STD0691,Female,16,74.05,45.85,41.43,55.06,10.0,None,Fair,True,True,Low
STD0692,Female,21,71.76,73.54,45.52,53.36,24.6,Tertiary,Poor,True,False,Medium
STD0693,Male,16,96.87,70.07,52.23,57.14,13.4,Secondary,Good,True,False,Medium
STD0694,Female,18,85.3,82.37,48.16,39.69,12.6,Secondary,Fair,False,False,Medium
STD0695,Female,21,81.56,72.06,36.13,81.67,6.4,None,Fair,True,False,Medium
STD0696,Female,17,52.49,72.44,36.29,89.99,17.5,None,Poor,False,False,Medium
STD0697,Male,16,95.2,65.78,43.53,95.71,0.4,Primary,Poor,False,False,Medium
STD0698,Female,24,95.47,58.53,33.54,64.47,1.2,Tertiary,Poor,True,True,Medium
STD0699,Female,21,89.01,68.94,73.85,79.06,15.0,Primary,Poor,True,True,Medium
STD0700,Male,15,50.35,47.11,50.11,89.89,8.5,Primary,Fair,False,True,Medium
STD0701,Female,22,52.86,97.69,49.58,59.28,23.8,Secondary,Good,True,False,Medium
STD0702,Female,17,61.26,82.86,53.24,51.66,22.6,Secondary,Good,True,False,Medium
STD0703,Male,16,56.57,97.15,76.4,95.57,17.8,Secondary,Good,False,False,High
STD0704,Female,17,69.94,53.6,90.94,66.1,20.5,Secondary,Good,False,True,Medium
STD0705,Male,19,96.13,92.76,83.14,64.81,16.7,Primary,Poor,False,True,High
STD0706,Male,22,73.6,88.53,80.93,42.49,3.1,Secondary,Fair,True,False,Medium
STD0707,Female,24,50.67,80.63,63.91,37.57,19.1,Tertiary,Fair,True,False,Medium
STD0708,Female,21,64.14,77.5,78.57,88.95,5.3,Secondary,Fair,False,False,High
STD0709,Female,21,52.23,58.99,68.69,72.99,8.1,Secondary,Poor,True,False,Medium
STD0710,Female,21,51.81,88.98,45.14,52.81,20.5,Secondary,Fair,False,True,Medium
STD0711,Male,22,63.79,70.09,44.6,43.42,13.4,None,Poor,True,True,Medium
STD0712,Female,15,63.78,44.25,50.75,68.88,21.5,Tertiary,Fair,False,True,Medium
STD0713,Male,18,89.36,58.77,93.76,70.87,5.3,Tertiary,Good,True,False,Medium
STD0714,Female,20,98.74,96.12,68.32,44.49,15.2,Primary,Poor,False,True,Medium
STD0715,Female,23,68.56,91.04,81.37,89.6,2.1,Primary,Fair,True,False,High
STD0716,Female,16,71.44,98.91,54.26,35.9,16.1,Secondary,Good,True,False,Medium
STD0717,Male,15,92.24,77.68,58.54,54.93,19.1,None,Good,False,False,Medium
STD0718,Female,24,63.41,54.85,38.79,77.63,14.6,Primary,Good,True,True,Medium
STD0719,Female,16,57.82,49.77,41.99,49.19,6.7,Primary,Poor,True,True,Low
STD0720,Female,21,92.65,51.21,87.91,87.94,0.8,Secondary,Poor,False,False,High
STD0721,Female,17,52.33,41.19,70.94,81.79,3.0,Secondary,Fair,True,True,Medium
STD0722,Male,24,80.98,63.44,53.63,85.23,15.6,Primary,Good,True,False,Medium
STD0723,Female,16,78.1,51.49,86.2,38.34,23.4,Primary,Fair,True,False,Medium
STD0724,Male,21,67.3,64.7,47.26,39.84,5.2,Tertiary,Fair,False,False,Low
STD0725,Male,16,65.76,96.1,98.32,50.05,18.4,None,Good,False,True,High
STD0726,Male,17,88.59,65.83,54.14,66.27,21.7,Tertiary,Fair,False,True,Medium
STD0727,Male,21,54.32,92.68,53.61,82.36,13.0,Primary,Poor,False,False,High
STD0728,Male,18,61.84,76.33,51.83,88.56,16.7,Tertiary,Fair,False,True,Medium
STD0729,Male,15,86.62,54.83,38.55,79.3,20.4,Tertiary,Good,True,True,Medium
STD0730,Female,19,77.42,61.35,37.78,95.0,6.5,Primary,Poor,True,True,Medium
STD0731,Male,23,56.4,45.04,75.37,81.71,7.4,Secondary,Poor,False,True,Medium
STD0732,Male,22,94.11,60.01,91.26,51.44,0.0,Primary,Fair,True,False,Medium
STD0733,Male,23,69.67,80.65,85.34,48.56,24.1,Secondary,Fair,True,True,Medium
STD0734,Female,24,91.39,44.33,39.88,78.73,22.9,Primary,Poor,True,False,Medium
STD0735,Female,23,89.39,52.32,68.19,43.5,19.1,Primary,Fair,True,False,Medium
STD0736,Male,21,81.22,62.89,37.39,36.49,2.0,Primary,Good,False,True,Low
STD0737,Female,18,74.72,98.92,33.17,67.26,11.2,None,Fair,False,False,Medium
STD0738,Male,19,98.98,87.09,75.95,87.51,2.5,Secondary,Fair,True,False,High
STD0739,Male,15,57.25,84.01,67.46,37.1,0.4,None,Poor,True,True,Medium
STD0740,Female,15,86.26,46.97,35.74,85.43,15.4,Primary,Fair,False,False,Medium
STD0741,Male,17,59.56,86.86,32.45,86.81,24.0,Tertiary,Fair,True,False,Medium
STD0742,Female,22,66.91,87.12,99.28,63.76,22.6,None,Fair,True,True,High
STD0743,Female,16,65.43,76.07,32.1,34.01,17.4,Secondary,Good,True,True,Low
STD0744,Male,18,97.35,99.42,61.12,42.22,2.4,Primary,Fair,False,True,Medium
STD0745,Male,16,98.37,59.52,65.32,79.52,6.9,None,Good,False,True,Medium
STD0746,Female,19,59.15,96.48,38.21,79.82,8.0,Tertiary,Good,True,True,Medium
STD0747,Male,23,51.1,94.88,41.83,92.88,19.1,None,Good,True,False,High
STD0748,Male,15,86.0,40.69,54.63,70.79,20.1,Secondary,Good,True,False,Medium
STD0749,Male,19,70.9,67.01,83.32,38.69,9.6,None,Poor,True,True,Medium
STD0750,Female,23,54.44,98.63,65.5,38.5,10.4,Tertiary,Good,True,True,Medium
STD0751,Female,15,84.19,46.19,74.65,80.48,1.1,Tertiary,Fair,True,False,Medium
STD0752,Male,23,77.26,72.87,98.96,42.86,7.2,Secondary,Good,False,True,Medium
STD0753,Female,22,99.03,98.74,83.76,52.99,11.3,Tertiary,Fair,False,True,High
STD0754,Female,18,61.37,73.33,60.41,64.1,2.9,Primary,Good,True,False,Medium
STD0755,Female,24,70.2,51.39,61.25,31.73,11.3,Tertiary,Poor,False,False,Low
STD0756,Female,19,77.13,74.93,73.31,47.42,21.3,Primary,Good,True,False,Medium
STD0757,Female,19,89.58,52.27,76.58,58.55,14.5,None,Good,True,True,Medium
STD0758,Male,20,77.44,71.18,65.05,49.57,2.0,Primary,Poor,False,False,Medium
STD0759,Male,21,80.65,44.44,75.14,39.55,4.8,Primary,Good,False,True,Medium
STD0760,Male,22,61.31,76.33,31.65,80.96,11.9,None,Fair,True,False,Medium
STD0761,Female,22,92.35,71.01,60.07,86.92,9.0,Tertiary,Good,True,True,Medium
STD0762,Female,16,71.43,84.41,49.53,48.02,9.0,Primary,Good,False,True,Medium
STD0763,Male,23,57.05,77.84,39.04,84.21,13.2,Tertiary,Good,False,True,Medium
STD0764,Female,21,83.21,72.98,36.97,56.99,14.6,None,Poor,True,False,Medium
STD0765,Male,18,60.8,81.39,72.22,65.47,19.9,Secondary,Good,True,False,Medium
STD0766,Male,18,54.88,48.64,66.65,89.92,8.5,Tertiary,Good,True,False,Medium
STD0767,Male,22,93.1,75.72,47.75,82.5,20.1,Tertiary,Fair,False,True,Medium
STD0768,Female,18,73.01,50.33,62.97,86.36,8.5,Secondary,Good,True,False,Medium
STD0769,Female,20,87.46,95.53,64.46,39.58,1.4,Secondary,Good,False,False,Medium
STD0770,Male,19,64.53,44.1,43.65,34.88,13.9,None,Good,True,True,Low
STD0771,Male,17,89.35,65.82,75.65,92.54,14.7,Tertiary,Good,False,True,High
STD0772,Male,24,55.6,81.75,84.66,57.15,23.4,Tertiary,Fair,False,False,Medium
STD0773,Male,16,67.8,67.48,85.4,50.15,18.2,None,Fair,False,False,Medium
STD0774,Female,23,98.9,45.53,72.17,80.73,22.9,Tertiary,Poor,False,False,Medium
STD0775,Female,24,89.7,73.2,65.81,88.55,22.7,Primary,Good,True,True,High
STD0776,Male,23,74.86,78.5,34.27,90.37,15.1,Primary,Poor,False,False,Medium
STD0777,Male,15,66.99,82.23,50.15,52.12,13.2,Primary,Poor,False,True,Medium
STD0778,Female,24,93.61,62.4,36.53,89.65,13.9,Tertiary,Good,False,True,Medium
STD0779,Female,17,77.24,73.82,97.47,32.87,24.5,Primary,Fair,True,False,Medium
STD0780,Male,22,87.92,67.04,39.46,33.48,19.3,Primary,Fair,True,False,Low
STD0781,Male,20,87.71,80.32,40.62,73.65,2.7,None,Good,True,True,Medium
STD0782,Male,19,50.9,75.01,92.27,34.42,19.5,None,Good,True,True,Medium
STD0783,Female,19,56.31,71.55,96.07,52.72,4.3,Secondary,Fair,True,False,Medium
STD0784,Female,20,82.98,54.97,83.61,77.09,11.2,Secondary,Good,True,False,Medium
STD0785,Female,21,58.08,40.12,30.38,53.61,5.3,Secondary,Good,False,False,Low
STD0786,Male,15,62.77,50.44,30.09,42.57,17.2,Secondary,Good,False,True,Low
STD0787,Male,23,97.33,47.02,56.47,49.69,21.9,None,Fair,False,True,Medium
STD0788,Female,17,78.01,66.95,40.04,62.03,7.3,None,Poor,True,False,Medium
STD0789,Female,18,87.54,76.74,31.29,63.28,2.1,None,Poor,False,True,Medium
STD0790,Male,24,77.9,52.79,62.48,84.81,7.5,Primary,Good,False,True,Medium
STD0791,Female,15,77.63,96.34,96.01,82.51,16.8,Primary,Fair,True,False,High
STD0792,Female,24,54.71,40.4,52.67,61.98,8.2,Secondary,Good,False,True,Medium
STD0793,Male,17,67.18,86.34,76.28,89.2,7.0,Primary,Fair,True,False,High
STD0794,Female,16,64.12,77.51,75.66,38.0,4.6,Tertiary,Good,False,False,Medium
STD0795,Male,16,69.54,62.41,47.58,47.87,12.4,None,Fair,True,True,Medium
STD0796,Male,15,89.92,43.03,75.53,87.96,6.9,Secondary,Fair,True,True,Medium
STD0797,Male,22,68.6,77.65,44.86,56.46,18.3,Secondary,Poor,True,False,Medium
STD0798,Male,17,72.58,63.14,38.54,98.68,1.9,Tertiary,Good,False,True,Medium
STD0799,Male,17,69.87,96.18,79.1,62.64,16.6,Primary,Poor,False,False,High
STD0800,Male,20,54.67,72.52,37.94,85.44,5.9,Secondary,Poor,True,True,Medium
STD0801,Male,22,72.05,96.38,99.78,58.16,12.2,Primary,Fair,True,True,High
STD0802,Female,23,59.78,53.23,42.84,59.75,7.2,Primary,Good,False,True,Medium
STD0803,Male,23,59.34,83.54,71.59,56.8,18.1,Tertiary,Fair,False,False,Medium
STD0804,Male,18,54.7,77.03,58.8,80.34,23.6,Secondary,Fair,True,True,Medium
STD0805,Female,19,67.83,84.36,38.85,68.33,22.9,Primary,Fair,False,False,Medium
STD0806,Female,16,87.87,52.88,31.95,96.06,14.6,Primary,Good,False,False,Medium
STD0807,Female,23,63.82,79.9,73.59,47.56,11.6,Tertiary,Good,False,False,Medium
STD0808,Male,22,65.62,69.88,86.47,37.04,20.5,Tertiary,Fair,True,True,Medium
STD0809,Female,17,82.13,84.57,88.94,57.53,17.1,Primary,Good,True,False,High
STD0810,Male,23,59.79,59.62,63.79,73.17,4.6,Tertiary,Fair,False,False,Medium
STD0811,Male,17,94.85,93.4,84.42,90.26,20.5,Primary,Good,True,True,High
STD0812,Male,23,76.01,45.06,77.1,54.23,10.7,Secondary,Good,False,False,Medium
STD0813,Male,16,72.38,88.43,80.7,75.77,4.7,None,Poor,False,False,High
STD0814,Female,24,77.89,91.68,64.48,54.51,7.0,Tertiary,Fair,True,True,Medium
STD0815,Female,23,58.3,89.04,74.34,73.21,6.7,None,Poor,True,False,High
STD0816,Male,22,80.67,70.76,86.39,91.94,13.0,Primary,Poor,True,True,High
STD0817,Male,23,68.16,66.3,57.85,46.2,5.9,Primary,Fair,False,False,Medium
STD0818,Male,19,94.86,99.78,86.42,58.3,3.1,Primary,Fair,False,False,High
STD0819,Female,16,58.44,53.75,71.44,99.53,3.1,None,Good,True,True,High
STD0820,Male,22,75.35,72.81,41.61,90.8,14.6,Primary,Fair,True,False,Medium
STD0821,Male,20,79.91,80.24,31.73,69.52,18.4,Tertiary,Poor,True,False,Medium
STD0822,Female,22,51.67,82.05,55.39,66.16,8.0,Secondary,Poor,False,False,Medium
STD0823,Female,19,68.18,52.24,68.27,49.92,0.9,Secondary,Fair,False,True,Medium
STD0824,Male,24,86.63,79.24,88.79,66.2,3.2,Tertiary,Poor,False,True,High
STD0825,Female,16,91.02,89.1,38.92,89.37,22.9,Secondary,Good,True,True,Medium
STD0826,Female,20,65.66,43.0,86.01,77.96,12.3,None,Poor,True,True,Medium
STD0827,Male,19,89.93,94.69,90.41,50.3,11.3,Primary,Good,False,True,High
STD0828,Female,19,98.39,41.77,40.55,44.1,1.0,Primary,Poor,True,False,Low
STD0829,Male,15,92.84,61.36,89.61,48.56,18.2,Primary,Good,True,True,Medium
STD0830,Female,16,55.88,40.95,99.4,41.88,13.2,None,Good,True,True,Medium
STD0831,Male,22,86.99,44.63,80.88,36.69,5.1,None,Fair,True,True,Medium
STD0832,Male,17,65.98,94.67,84.93,59.34,2.8,None,Good,False,False,High
STD0833,Male,24,99.42,61.29,99.61,37.93,9.6,Tertiary,Fair,True,False,Medium
STD0834,Female,17,74.27,65.49,72.38,42.03,20.9,None,Poor,False,True,Medium
STD0835,Male,22,56.12,52.92,51.55,68.31,21.6,Secondary,Poor,False,False,Medium
STD0836,Female,22,86.26,75.83,88.63,41.52,15.1,Tertiary,Poor,True,False,Medium
STD0837,Male,16,66.15,75.69,73.01,34.47,18.2,Tertiary,Good,False,False,Medium
STD0838,Male,22,99.85,62.33,70.68,52.22,2.9,Tertiary,Poor,False,False,Medium
STD0839,Female,15,98.99,59.98,47.75,45.42,14.7,None,Poor,True,True,Medium
STD0840,Male,20,82.81,93.1,82.94,66.07,16.7,Tertiary,Fair,False,True,High
STD0841,Male,22,56.49,63.0,35.72,37.17,5.0,None,Fair,False,False,Low
STD0842,Female,17,84.34,69.61,94.7,82.62,22.0,None,Poor,False,False,High
STD0843,Male,22,54.65,57.0,52.81,93.44,4.9,Tertiary,Poor,False,False,Medium
STD0844,Male,15,51.47,87.21,38.94,82.04,7.8,Primary,Good,False,False,Medium
STD0845,Male,23,91.15,63.85,60.97,67.3,15.5,Primary,Good,False,True,Medium
STD0846,Male,23,60.49,70.82,32.97,90.25,16.0,Tertiary,Poor,False,False,Medium
STD0847,Female,19,68.95,55.2,77.92,78.64,17.5,Primary,Fair,False,True,Medium
STD0848,Female,24,98.67,99.26,93.19,30.74,2.8,Secondary,Poor,True,False,Medium
STD0849,Male,18,66.84,57.49,88.61,57.59,21.2,Secondary,Good,True,True,Medium
STD0850,Female,20,64.82,86.24,38.92,89.57,13.3,None,Fair,True,False,Medium
STD0851,Male,21,95.91,65.65,38.84,54.21,11.8,Primary,Fair,False,True,Medium
STD0852,Female,19,55.54,52.37,86.94,32.47,24.5,Secondary,Good,False,True,Medium
STD0853,Male,24,87.98,87.98,94.7,82.23,18.5,Tertiary,Poor,False,True,High
STD0854,Male,23,99.4,60.02,62.25,86.14,3.0,Primary,Poor,True,False,Medium
STD0855,Male,17,95.06,91.91,64.93,41.24,18.9,Secondary,Poor,True,True,Medium
STD0856,Male,21,82.58,94.92,52.28,67.61,2.4,Secondary,Good,True,False,Medium
STD0857,Male,24,65.7,91.59,92.6,43.44,0.7,Tertiary,Fair,False,True,Medium
STD0858,Male,24,62.72,42.1,75.14,80.35,10.1,None,Good,True,True,Medium
STD0859,Female,19,90.96,87.24,50.18,49.01,24.8,Tertiary,Poor,True,False,Medium
STD0860,Male,21,93.99,64.68,50.91,52.14,4.4,None,Good,False,True,Medium
STD0861,Female,16,76.27,92.42,92.38,89.15,16.8,Secondary,Fair,True,False,High
STD0862,Male,18,62.22,78.28,30.95,63.34,4.3,None,Good,False,False,Medium
STD0863,Female,16,55.65,90.02,52.59,76.88,18.1,Secondary,Poor,True,False,Medium
STD0864,Female,21,54.36,69.97,68.8,58.17,12.6,Secondary,Fair,False,False,Medium
STD0865,Female,16,85.95,72.1,40.38,50.86,17.0,Primary,Good,False,True,Medium
STD0866,Male,15,71.01,48.66,36.45,73.78,5.1,None,Good,False,True,Medium
STD0867,Male,23,95.27,87.04,87.07,40.84,18.6,None,Fair,False,False,Medium
STD0868,Female,15,86.98,65.16,92.61,56.11,24.9,None,Fair,False,True,Medium
STD0869,Male,22,59.56,70.0,87.65,44.63,16.6,Tertiary,Poor,True,True,Medium
STD0870,Female,16,80.69,87.11,92.92,78.71,12.3,Primary,Fair,False,False,High
STD0871,Male,22,71.78,75.93,68.72,96.09,23.1,Primary,Poor,False,True,High
STD0872,Female,17,78.86,52.07,86.86,99.69,0.4,Primary,Good,False,False,High
STD0873,Female,20,86.9,75.41,56.88,61.52,18.2,Tertiary,Poor,False,True,Medium
STD0874,Male,17,90.31,64.46,76.64,47.68,22.2,None,Good,True,True,Medium
STD0875,Female,21,92.19,68.17,99.22,61.0,1.5,None,Fair,False,False,Medium
STD0876,Male,24,62.7,41.7,45.8,89.31,11.3,None,Good,True,True,Medium
STD0877,Female,23,51.56,52.6,57.29,44.42,5.1,Primary,Fair,False,True,Medium
STD0878,Female,16,86.96,56.86,63.6,96.65,14.2,Primary,Good,False,False,Medium
STD0879,Male,19,55.32,82.78,39.66,53.93,16.2,Secondary,Good,True,True,Medium
STD0880,Male,20,65.75,40.69,35.67,99.01,7.6,Tertiary,Good,True,False,Medium
STD0881,Male,18,50.19,64.53,88.08,88.7,11.5,Tertiary,Good,True,True,High
STD0882,Female,18,84.08,95.44,98.38,86.6,7.0,Primary,Poor,False,False,High
STD0883,Male,18,58.36,46.71,58.33,52.25,9.2,Secondary,Good,True,False,Medium
STD0884,Female,16,82.76,70.99,36.14,30.61,4.0,None,Poor,False,False,Low
STD0885,Female,18,99.59,87.19,34.61,56.75,22.1,Primary,Fair,True,False,Medium
STD0886,Male,15,53.63,96.55,92.39,51.13,0.3,Tertiary,Fair,True,False,High
STD0887,Male,20,53.85,84.81,62.47,32.62,22.1,Tertiary,Poor,False,True,Medium
STD0888,Female,15,67.02,83.23,52.4,65.38,14.3,Tertiary,Fair,True,True,Medium
STD0889,Female,24,93.32,89.59,63.35,58.21,8.3,None,Fair,True,False,Medium
STD0890,Male,20,60.78,66.77,52.28,74.42,18.1,Tertiary,Good,False,True,Medium
STD0891,Male,15,68.02,88.35,64.23,73.48,12.7,None,Good,False,False,High
STD0892,Male,20,53.43,40.48,90.17,38.45,12.5,None,Good,False,True,Medium
STD0893,Male,24,88.16,95.47,71.46,98.39,2.8,None,Poor,True,True,High
STD0894,Male,22,70.42,66.6,78.63,43.09,9.7,Primary,Poor,True,False,Medium
STD0895,Female,16,87.96,73.2,55.53,61.17,6.0,None,Fair,True,False,Medium
STD0896,Female,16,95.18,55.29,81.7,64.17,0.4,Secondary,Good,True,True,Medium
STD0897,Female,18,61.64,84.55,76.66,86.91,9.0,Tertiary,Poor,True,True,High
STD0898,Female,17,90.37,44.6,38.37,36.95,2.2,Primary,Poor,False,False,Low
STD0899,Male,18,52.95,92.36,70.08,60.01,6.4,Tertiary,Good,True,True,Medium
STD0900,Male,21,94.94,89.69,47.97,74.0,2.3,None,Poor,False,True,Medium
STD0901,Male,15,82.54,52.96,86.29,45.06,2.5,Primary,Good,True,False,Medium
STD0902,Female,20,93.71,88.56,59.82,73.92,5.0,Secondary,Fair,False,True,Medium
STD0903,Female,17,50.01,87.18,99.63,94.66,25.0,None,Fair,True,False,High
STD0904,Male,24,58.45,77.93,36.48,99.83,0.1,Tertiary,Fair,True,False,Medium
STD0905,Male,21,69.49,62.41,84.62,32.27,16.0,Secondary,Good,False,False,Medium
STD0906,Female,24,68.98,56.29,77.16,46.49,3.5,None,Poor,True,True,Medium
STD0907,Female,16,61.34,53.91,83.72,51.72,23.0,Secondary,Fair,False,True,Medium
STD0908,Male,16,69.08,59.12,51.53,57.94,2.3,None,Fair,True,False,Medium
STD0909,Male,18,56.44,94.21,64.44,46.96,23.9,Primary,Fair,True,False,Medium
STD0910,Female,15,70.64,44.66,85.76,44.24,15.3,None,Poor,False,True,Medium
STD0911,Male,17,90.12,89.73,46.28,96.82,0.0,Primary,Poor,True,True,High
STD0912,Male,23,73.95,60.93,45.82,94.3,22.4,None,Good,False,True,Medium
STD0913,Male,21,50.9,71.3,68.57,33.29,13.0,None,Fair,True,False,Medium
STD0914,Female,21,71.07,87.67,66.65,53.72,6.6,Tertiary,Poor,True,False,Medium
STD0915,Female,18,51.36,93.06,49.76,58.36,19.2,Secondary,Good,True,True,Medium
STD0916,Female,16,98.31,60.69,50.87,46.73,23.2,Secondary,Fair,True,True,Medium
STD0917,Female,18,56.37,67.71,49.45,74.02,12.1,Secondary,Poor,True,True,Medium
STD0918,Female,20,85.38,64.87,84.01,74.83,7.9,None,Poor,True,False,Medium
STD0919,Female,17,98.64,40.8,75.63,89.54,19.7,None,Good,True,False,Medium
STD0920,Female,15,91.3,57.76,88.27,81.86,17.0,None,Fair,False,True,High
STD0921,Male,22,84.97,67.55,98.28,67.98,22.2,Primary,Fair,True,True,High
STD0922,Male,19,91.97,64.67,63.19,75.75,17.3,Primary,Poor,True,False,Medium
STD0923,Male,19,99.09,83.32,34.67,49.18,6.1,Tertiary,Fair,True,False,Medium
STD0924,Male,18,81.07,63.09,33.37,71.51,23.3,None,Good,False,True,Medium
STD0925,Male,20,77.96,69.36,50.7,64.25,2.6,Secondary,Poor,False,True,Medium
STD0926,Male,17,81.41,65.78,95.28,39.33,6.7,Secondary,Poor,True,True,Medium
STD0927,Male,23,76.63,84.44,66.62,46.98,13.0,Tertiary,Good,True,False,Medium
STD0928,Female,19,81.75,91.78,49.03,50.42,14.1,Secondary,Poor,True,True,Medium
STD0929,Female,17,72.49,71.91,57.94,94.7,0.4,Tertiary,Fair,False,False,High
STD0930,Male,15,60.92,87.37,71.9,46.13,19.5,None,Fair,True,False,Medium
STD0931,Male,24,56.01,57.81,75.71,50.25,9.0,Secondary,Poor,False,True,Medium
STD0932,Female,20,53.42,72.48,40.77,55.85,10.2,None,Good,True,True,Medium
STD0933,Male,16,63.17,60.71,98.39,76.46,20.2,Primary,Good,False,False,High
STD0934,Male,17,52.31,64.85,68.13,38.28,9.5,Secondary,Fair,False,True,Medium
STD0935,Female,15,78.36,83.94,39.5,96.78,1.2,Primary,Good,True,False,High
STD0936,Male,23,64.19,92.9,92.55,90.59,4.4,Secondary,Poor,True,True,High
STD0937,Female,22,91.23,47.29,35.22,70.41,23.9,None,Poor,True,True,Medium
STD0938,Male,16,53.71,78.08,93.54,77.18,1.8,Tertiary,Fair,True,True,High
STD0939,Female,22,61.32,74.93,99.76,31.17,8.9,None,Fair,True,True,Medium
STD0940,Female,23,86.51,47.1,79.03,53.73,12.6,None,Fair,True,False,Medium
STD0941,Female,15,79.94,52.71,83.93,85.7,12.3,None,Good,True,False,High
STD0942,Male,19,53.22,58.66,53.61,35.42,0.1,Secondary,Poor,False,False,Low
STD0943,Female,22,93.86,50.02,95.91,49.76,12.5,Tertiary,Poor,True,True,Medium
STD0944,Male,16,93.86,54.62,67.08,70.97,9.6,Primary,Poor,True,False,Medium
STD0945,Male,18,66.52,56.06,81.27,47.95,24.3,None,Fair,False,False,Medium
STD0946,Male,21,67.02,60.14,94.69,95.38,4.0,Secondary,Poor,True,False,High
STD0947,Male,17,99.45,84.96,98.26,39.17,8.9,Primary,Good,True,True,Medium
STD0948,Female,19,81.31,74.31,88.32,85.82,10.5,None,Good,True,False,High
STD0949,Female,22,76.57,99.17,51.21,65.56,9.8,Primary,Poor,True,True,Medium
STD0950,Male,24,91.91,64.88,97.66,82.52,16.6,None,Fair,False,True,High
STD0951,Male,17,64.26,85.23,73.97,51.75,5.4,Primary,Poor,False,False,Medium
STD0952,Female,18,71.46,92.29,95.14,66.01,5.5,Primary,Good,True,True,High
STD0953,Male,23,63.39,80.74,77.33,89.98,18.2,Tertiary,Good,True,False,High
STD0954,Female,21,89.46,64.71,51.51,62.68,12.5,Tertiary,Good,False,False,Medium
STD0955,Male,15,78.67,85.22,55.9,55.18,10.4,None,Poor,True,False,Medium
STD0956,Male,18,82.94,52.22,68.53,67.53,4.2,Secondary,Good,False,False,Medium
STD0957,Female,18,62.62,59.65,85.3,80.22,4.7,Tertiary,Fair,False,False,High
STD0958,Male,23,61.01,72.8,52.26,61.05,0.3,Primary,Poor,False,True,Medium
STD0959,Female,20,74.42,74.52,70.58,95.72,2.3,Tertiary,Poor,True,False,High
STD0960,Male,23,86.88,41.33,54.19,50.65,13.9,Tertiary,Good,True,True,Low
STD0961,Male,20,76.26,96.71,87.1,63.28,22.3,None,Good,True,False,High
STD0962,Male,20,51.63,81.8,62.67,82.98,7.2,Tertiary,Fair,False,False,High
STD0963,Female,19,93.43,69.74,35.37,78.24,8.2,Tertiary,Poor,True,False,Medium
STD0964,Male,19,53.23,95.99,41.62,90.45,2.9,Primary,Good,True,True,High
STD0965,Male,16,97.79,66.35,34.28,99.78,9.7,Tertiary,Fair,False,True,Medium
STD0966,Male,22,51.26,98.83,64.95,59.88,0.9,Primary,Good,True,True,Medium
STD0967,Male,22,84.72,70.74,37.44,37.78,22.9,Tertiary,Poor,True,True,Low
STD0968,Female,15,54.11,46.86,37.99,32.13,16.8,Tertiary,Good,True,False,Low
STD0969,Female,22,95.53,85.89,95.87,80.88,24.8,Secondary,Poor,False,False,High
STD0970,Male,19,73.22,80.73,91.09,91.18,22.1,Tertiary,Good,True,True,High
STD0971,Female,16,56.88,86.38,61.65,45.45,11.8,Primary,Poor,False,True,Medium
STD0972,Male,16,67.04,97.09,99.01,41.09,13.0,Primary,Fair,False,True,High
STD0973,Male,20,58.24,86.59,30.01,34.35,4.8,None,Poor,False,False,Low
STD0974,Male,23,58.53,76.68,72.98,87.59,11.6,None,Fair,True,True,High
STD0975,Female,15,97.41,91.44,73.15,51.8,22.6,Secondary,Poor,True,True,Medium
STD0976,Female,20,72.26,80.39,62.02,58.12,1.3,Primary,Fair,True,False,Medium
STD0977,Female,23,89.44,64.49,57.79,65.19,21.6,Primary,Good,False,True,Medium
STD0978,Female,22,81.98,93.14,61.88,88.76,8.5,Primary,Poor,False,False,High
STD0979,Female,20,83.82,53.31,59.05,75.56,22.5,Secondary,Good,True,False,Medium
STD0980,Female,17,56.58,82.88,81.13,73.05,23.5,Primary,Fair,False,False,High
STD0981,Female,22,61.71,92.89,39.47,42.3,16.8,None,Poor,True,False,Medium
STD0982,Female,23,89.34,83.88,43.83,65.92,16.6,Secondary,Poor,True,False,Medium
STD0983,Female,15,98.54,81.84,42.64,80.08,11.3,None,Good,True,True,Medium
STD0984,Male,23,63.13,85.16,48.37,98.13,20.9,None,Poor,True,True,High
STD0985,Female,20,63.58,67.9,66.77,44.1,24.0,Secondary,Poor,True,False,Medium
STD0986,Female,20,73.64,92.45,37.78,30.67,19.4,Tertiary,Good,True,False,Medium
STD0987,Female,18,99.19,52.21,90.77,35.27,15.5,Tertiary,Poor,True,True,Medium
STD0988,Female,15,63.45,47.64,50.82,56.31,15.2,None,Good,False,True,Medium
STD0989,Female,24,70.35,57.13,41.38,87.44,21.2,Tertiary,Good,True,False,Medium
STD0990,Female,22,94.57,71.89,77.29,30.5,13.5,Primary,Good,False,True,Medium
STD0991,Female,16,50.15,70.63,32.67,61.97,20.1,Secondary,Good,False,True,Medium
STD0992,Female,15,51.99,89.24,73.4,53.05,12.7,None,Good,True,False,Medium
STD0993,Female,16,80.2,64.27,78.87,33.67,1.6,Primary,Fair,False,True,Medium
STD0994,Female,15,95.37,69.06,45.04,61.52,9.6,Tertiary,Fair,False,True,Medium
STD0995,Female,15,61.94,40.8,32.94,47.83,11.1,Primary,Good,False,True,Low
STD0996,Male,23,73.48,64.58,55.46,54.63,3.5,Tertiary,Fair,True,True,Medium
STD0997,Male,15,72.52,78.87,36.9,79.39,2.6,None,Fair,True,False,Medium
STD0998,Female,18,73.65,40.93,38.15,66.51,13.4,Primary,Poor,True,True,Medium
STD0999,Female,24,81.13,56.85,47.8,38.73,2.1,Secondary,Good,True,False,Low
STD1000,Male,20,73.49,52.48,50.68,97.3,7.6,None,Fair,True,True,Medium
